Div,Form,Spreadsheet,#,Slug,Done,Checked,Embed Standings,Display Standings,Promotion Scheme,To copy to website
A1,https://docs.google.com/forms/d/e/1FAIpQLSe7qSkEiktIuIr7tV6y73e-jB_uaeGUWgQr0B5TfokoxO_9Qw/viewform,https://docs.google.com/spreadsheets/d/1oplbl66w-19BqngJuCwnhEWyJJixrGC4tRLB4TVSejA,6,s55/a1,TRUE,TRUE,"<iframe src=""https://docs.google.com/spreadsheets/d/e/2PACX-1vSKYR-Y4vdQjyyKzlhyvwYCn1p-QV8tikvg_fP6p0EbxCDnpDdmT6dRUfHcK4BPQhaZh6IxFNIF0sJ5/pubhtml?gid=1451526726&amp;single=true&amp;widget=true&amp;headers=false""></iframe>",https://docs.google.com/spreadsheets/d/e/2PACX-1vSKYR-Y4vdQjyyKzlhyvwYCn1p-QV8tikvg_fP6p0EbxCDnpDdmT6dRUfHcK4BPQhaZh6IxFNIF0sJ5/pubhtml,TRUE,"<div id=""A1"" class=""current-standings filterDiv divA""><iframe src=""https://docs.google.com/spreadsheets/d/e/2PACX-1vSKYR-Y4vdQjyyKzlhyvwYCn1p-QV8tikvg_fP6p0EbxCDnpDdmT6dRUfHcK4BPQhaZh6IxFNIF0sJ5/pubhtml?gid=1451526726&amp;single=true&amp;widget=true&amp;headers=false""></iframe></div>"
B1,https://docs.google.com/forms/d/e/1FAIpQLSewoG_fDeFsrybl-wrzqbx-eq0EH3MTXMFFxK-NHv69yW4vyQ/viewform,https://docs.google.com/spreadsheets/d/1WxnpVM5sZ3xtlsv_VxVLNTXRGVFpkzOstlsSbe0TWjk,7,s55/b1,TRUE,TRUE,"<iframe src=""https://docs.google.com/spreadsheets/d/e/2PACX-1vS9_MBukU76ttFU9uzor2dtK9Icy1pKlSqgb0Tv3fApW3iLUCZOwRcRjHVzeJNUjn7LPWx1uk0zx_6j/pubhtml?gid=1451526726&amp;single=true&amp;widget=true&amp;headers=false""></iframe>",https://docs.google.com/spreadsheets/d/e/2PACX-1vS9_MBukU76ttFU9uzor2dtK9Icy1pKlSqgb0Tv3fApW3iLUCZOwRcRjHVzeJNUjn7LPWx1uk0zx_6j/pubhtml,TRUE,"<div id=""B1"" class=""current-standings filterDiv divB""><iframe src=""https://docs.google.com/spreadsheets/d/e/2PACX-1vS9_MBukU76ttFU9uzor2dtK9Icy1pKlSqgb0Tv3fApW3iLUCZOwRcRjHVzeJNUjn7LPWx1uk0zx_6j/pubhtml?gid=1451526726&amp;single=true&amp;widget=true&amp;headers=false""></iframe></div>"
B2,https://docs.google.com/forms/d/e/1FAIpQLSfdqDqY_fjdYIzab5-HG7Cv6odxvBZpLXNt2jn618tVoiTHoA/viewform,https://docs.google.com/spreadsheets/d/1pk8JZhlYFQtkDH1DCCrQBWKtOpbHMkXb9r1m-YJBeWs,6,s55/b2,TRUE,TRUE,"<iframe src=""https://docs.google.com/spreadsheets/d/e/2PACX-1vQ4lFWgG1CxQPMvJi0_Xe2939sRstHHsW0FZVpRUmX5E7xGBPa_LHXOmTgcj7O5tl73Wx10yeC7TgB4/pubhtml?gid=1451526726&amp;single=true&amp;widget=true&amp;headers=false""></iframe>",https://docs.google.com/spreadsheets/d/e/2PACX-1vQ4lFWgG1CxQPMvJi0_Xe2939sRstHHsW0FZVpRUmX5E7xGBPa_LHXOmTgcj7O5tl73Wx10yeC7TgB4/pubhtml,TRUE,"<div id=""B2"" class=""current-standings filterDiv divB""><iframe src=""https://docs.google.com/spreadsheets/d/e/2PACX-1vQ4lFWgG1CxQPMvJi0_Xe2939sRstHHsW0FZVpRUmX5E7xGBPa_LHXOmTgcj7O5tl73Wx10yeC7TgB4/pubhtml?gid=1451526726&amp;single=true&amp;widget=true&amp;headers=false""></iframe></div>"
C1,https://docs.google.com/forms/d/e/1FAIpQLSdNtfcbKsvTROdiTZsVM6ak7m6CLlFjG0rp_ly9EvcwKF8XYw/viewform,https://docs.google.com/spreadsheets/d/1SrleSnOT7r2lXIabOPnTB4pHDEGSEjVvH6y8FukI9_s,6,s55/c1,TRUE,TRUE,"<iframe src=""https://docs.google.com/spreadsheets/d/e/2PACX-1vRBITVxPvenpa8vFNEvgq6JLorjlBdiS-NlWgLn_npedYZeUDC5rv-3qBMOOpuRTP6SWUmCY2S1qZxP/pubhtml?gid=1451526726&amp;single=true&amp;widget=true&amp;headers=false""></iframe>",https://docs.google.com/spreadsheets/d/e/2PACX-1vRBITVxPvenpa8vFNEvgq6JLorjlBdiS-NlWgLn_npedYZeUDC5rv-3qBMOOpuRTP6SWUmCY2S1qZxP/pubhtml,TRUE,"<div id=""C1"" class=""current-standings filterDiv divC""><iframe src=""https://docs.google.com/spreadsheets/d/e/2PACX-1vRBITVxPvenpa8vFNEvgq6JLorjlBdiS-NlWgLn_npedYZeUDC5rv-3qBMOOpuRTP6SWUmCY2S1qZxP/pubhtml?gid=1451526726&amp;single=true&amp;widget=true&amp;headers=false""></iframe></div>"
C2,https://docs.google.com/forms/d/e/1FAIpQLSfUTaRCgGS6rW19weGYxofQuBJi66ZwD84wpktHokySvxi0kg/viewform,https://docs.google.com/spreadsheets/d/1DfaFrJtIHEFseLZGPKrrF9d0oLUFmZ-FtAcfolFqueI,6,s55/c2,TRUE,TRUE,"<iframe src=""https://docs.google.com/spreadsheets/d/e/2PACX-1vRw1NRH1NlTeeJ6-ktH2l9fuaSvrC2NevwUd2sv1LE98WSw48Z7K5KCfWqWgLBQLetpysWiftFloSYJ/pubhtml?gid=1451526726&amp;single=true&amp;widget=true&amp;headers=false""></iframe>",https://docs.google.com/spreadsheets/d/e/2PACX-1vRw1NRH1NlTeeJ6-ktH2l9fuaSvrC2NevwUd2sv1LE98WSw48Z7K5KCfWqWgLBQLetpysWiftFloSYJ/pubhtml,TRUE,"<div id=""C2"" class=""current-standings filterDiv divC""><iframe src=""https://docs.google.com/spreadsheets/d/e/2PACX-1vRw1NRH1NlTeeJ6-ktH2l9fuaSvrC2NevwUd2sv1LE98WSw48Z7K5KCfWqWgLBQLetpysWiftFloSYJ/pubhtml?gid=1451526726&amp;single=true&amp;widget=true&amp;headers=false""></iframe></div>"
C3,https://docs.google.com/forms/d/e/1FAIpQLSfivl7AUh0ydMwZ0O4iY7sNnN_ghTcFTjR3yYh5zExIuvSHmQ/viewform,https://docs.google.com/spreadsheets/d/1TFGHXEMqIxgDnmX4IuCJ_G7u6IP_9lCOrVhySV63lS0,6,s55/c3,TRUE,TRUE,"<iframe src=""https://docs.google.com/spreadsheets/d/e/2PACX-1vTpYHyE3hQorQ1L5mJTHFxNTvEn_CoUX69hENQnUmhipvIFasHQcf0IHMwFUTeCleZVI4DMxdiq9KzT/pubhtml?gid=1451526726&amp;single=true&amp;widget=true&amp;headers=false""></iframe>",https://docs.google.com/spreadsheets/d/e/2PACX-1vTpYHyE3hQorQ1L5mJTHFxNTvEn_CoUX69hENQnUmhipvIFasHQcf0IHMwFUTeCleZVI4DMxdiq9KzT/pubhtml,TRUE,"<div id=""C3"" class=""current-standings filterDiv divC""><iframe src=""https://docs.google.com/spreadsheets/d/e/2PACX-1vTpYHyE3hQorQ1L5mJTHFxNTvEn_CoUX69hENQnUmhipvIFasHQcf0IHMwFUTeCleZVI4DMxdiq9KzT/pubhtml?gid=1451526726&amp;single=true&amp;widget=true&amp;headers=false""></iframe></div>"
C4,https://docs.google.com/forms/d/e/1FAIpQLSfbTcNAuqELU3Jhlut9SxrNPWyfW_bE_iXlLbTVQKQ-0D8hGg/viewform,https://docs.google.com/spreadsheets/d/1MP4DTMkvAJSrjzZc6p00oQmcb1h6V1bqLwEc8hkoVxg,6,s55/c4,TRUE,TRUE,"<iframe src=""https://docs.google.com/spreadsheets/d/e/2PACX-1vRqhohC0Tp9eUvdwv-rlWqrGc3i48xkcl3Getp5pK0d13l2RJEHLEfPxGdaGGyW9Co4MEQvniMVpWIy/pubhtml?gid=1451526726&amp;single=true&amp;widget=true&amp;headers=false""></iframe>",https://docs.google.com/spreadsheets/d/e/2PACX-1vRqhohC0Tp9eUvdwv-rlWqrGc3i48xkcl3Getp5pK0d13l2RJEHLEfPxGdaGGyW9Co4MEQvniMVpWIy/pubhtml,TRUE,"<div id=""C4"" class=""current-standings filterDiv divC""><iframe src=""https://docs.google.com/spreadsheets/d/e/2PACX-1vRqhohC0Tp9eUvdwv-rlWqrGc3i48xkcl3Getp5pK0d13l2RJEHLEfPxGdaGGyW9Co4MEQvniMVpWIy/pubhtml?gid=1451526726&amp;single=true&amp;widget=true&amp;headers=false""></iframe></div>"
D1,https://docs.google.com/forms/d/e/1FAIpQLSc0HQVzgS5z7P1ijRmNpP88iQLj_d4Tof9Ykpwsj7yqFUnixA/viewform,https://docs.google.com/spreadsheets/d/1CccA54_Qtr0hEcjfciG8mRr0Rx4L7lE0-HXcWq-wZzM,6,s55/d1,TRUE,TRUE,"<iframe src=""https://docs.google.com/spreadsheets/d/e/2PACX-1vQcH9hHQ_QNYf8OIIj9C5yBpddAuaFlE-44sVCnIwVj3mE5RDaRa9DKSdOOsEQi9CogVKGikq1wgw0B/pubhtml?gid=1451526726&amp;single=true&amp;widget=true&amp;headers=false""></iframe>",https://docs.google.com/spreadsheets/d/e/2PACX-1vQcH9hHQ_QNYf8OIIj9C5yBpddAuaFlE-44sVCnIwVj3mE5RDaRa9DKSdOOsEQi9CogVKGikq1wgw0B/pubhtml,TRUE,"<div id=""D1"" class=""current-standings filterDiv divD""><iframe src=""https://docs.google.com/spreadsheets/d/e/2PACX-1vQcH9hHQ_QNYf8OIIj9C5yBpddAuaFlE-44sVCnIwVj3mE5RDaRa9DKSdOOsEQi9CogVKGikq1wgw0B/pubhtml?gid=1451526726&amp;single=true&amp;widget=true&amp;headers=false""></iframe></div>"
D2,https://docs.google.com/forms/d/e/1FAIpQLSes1qrszWK8q9R47Nt1XnCo-cV9FB85c3HThRx9LJRH3vNOyw/viewform,https://docs.google.com/spreadsheets/d/11HenhpJ1nGxKBf-lQQnLIpk36wVP2NY0JICF1RasBsE,6,s55/d2,TRUE,TRUE,"<iframe src=""https://docs.google.com/spreadsheets/d/e/2PACX-1vRxOxSsqBxGBvIH1Fc_3wkoRgGltbOnGQ4l9rKQWRTrdxKnpe0nzJr4LebG0YPlC2io7IFcsmKwGo7P/pubhtml?gid=1451526726&amp;single=true&amp;widget=true&amp;headers=false""></iframe>",https://docs.google.com/spreadsheets/d/e/2PACX-1vRxOxSsqBxGBvIH1Fc_3wkoRgGltbOnGQ4l9rKQWRTrdxKnpe0nzJr4LebG0YPlC2io7IFcsmKwGo7P/pubhtml,TRUE,"<div id=""D2"" class=""current-standings filterDiv divD""><iframe src=""https://docs.google.com/spreadsheets/d/e/2PACX-1vRxOxSsqBxGBvIH1Fc_3wkoRgGltbOnGQ4l9rKQWRTrdxKnpe0nzJr4LebG0YPlC2io7IFcsmKwGo7P/pubhtml?gid=1451526726&amp;single=true&amp;widget=true&amp;headers=false""></iframe></div>"
D3,https://docs.google.com/forms/d/e/1FAIpQLSfemoZvEw8bvDJMfaEOTNleiKukNpmnF4jKAzXcR8Lt8uOJAA/viewform,https://docs.google.com/spreadsheets/d/1qiFI6LHLF_PUlbPwzkLsYRfiNrVoMf1Xr6tP1cgu_rI,6,s55/d3,TRUE,TRUE,"<iframe src=""https://docs.google.com/spreadsheets/d/e/2PACX-1vQ5W5lcHEo0-0bmwWeWqMjjlif0wuc18ICogPRhUYf_3fHSWa7llGm-PcHaV8SZlDHKU2xPaPyH-IA_/pubhtml?gid=1451526726&amp;single=true&amp;widget=true&amp;headers=false""></iframe>",https://docs.google.com/spreadsheets/d/e/2PACX-1vQ5W5lcHEo0-0bmwWeWqMjjlif0wuc18ICogPRhUYf_3fHSWa7llGm-PcHaV8SZlDHKU2xPaPyH-IA_/pubhtml,TRUE,"<div id=""D3"" class=""current-standings filterDiv divD""><iframe src=""https://docs.google.com/spreadsheets/d/e/2PACX-1vQ5W5lcHEo0-0bmwWeWqMjjlif0wuc18ICogPRhUYf_3fHSWa7llGm-PcHaV8SZlDHKU2xPaPyH-IA_/pubhtml?gid=1451526726&amp;single=true&amp;widget=true&amp;headers=false""></iframe></div>"
D4,https://docs.google.com/forms/d/e/1FAIpQLSfZZ7-9vKoWRHiBrhhoJD8_rDhdJQAleR19DDmHemnQ6QZwog/viewform,https://docs.google.com/spreadsheets/d/1J_GNUziQagpdV6anN7nFV8Zp7fFdJURGJUDNz6YS25A,6,s55/d4,TRUE,TRUE,"<iframe src=""https://docs.google.com/spreadsheets/d/e/2PACX-1vQZ-q2CvR8Z1lej994d9_QUpTMheWRzxN3F1Zu8oxebKRpG3oRLMo1pOgMEZMmVF_579KDVz_G1d646/pubhtml?gid=1451526726&amp;single=true&amp;widget=true&amp;headers=false""></iframe>",https://docs.google.com/spreadsheets/d/e/2PACX-1vQZ-q2CvR8Z1lej994d9_QUpTMheWRzxN3F1Zu8oxebKRpG3oRLMo1pOgMEZMmVF_579KDVz_G1d646/pubhtml,TRUE,"<div id=""D4"" class=""current-standings filterDiv divD""><iframe src=""https://docs.google.com/spreadsheets/d/e/2PACX-1vQZ-q2CvR8Z1lej994d9_QUpTMheWRzxN3F1Zu8oxebKRpG3oRLMo1pOgMEZMmVF_579KDVz_G1d646/pubhtml?gid=1451526726&amp;single=true&amp;widget=true&amp;headers=false""></iframe></div>"
E1,https://docs.google.com/forms/d/e/1FAIpQLSdjn4enSa-90N8Srg6OnABA4zyD6Ld0ElNTCHhhB6RuEjSamQ/viewform,https://docs.google.com/spreadsheets/d/17uHrdJMYWSaGZWjqGleASI4ttNYv9VLBO7wsf4tzHSQ,6,s55/e1,TRUE,TRUE,"<iframe src=""https://docs.google.com/spreadsheets/d/e/2PACX-1vSfoZxJkO1zWWSnmDZd75_lSH7-Q4KPtuyx2u_WaSoxwtMFVUzysfzbcnlRW1THr-7Krg9e3r_MtA-7/pubhtml?gid=1451526726&amp;single=true&amp;widget=true&amp;headers=false""></iframe>",https://docs.google.com/spreadsheets/d/e/2PACX-1vSfoZxJkO1zWWSnmDZd75_lSH7-Q4KPtuyx2u_WaSoxwtMFVUzysfzbcnlRW1THr-7Krg9e3r_MtA-7/pubhtml,TRUE,"<div id=""E1"" class=""current-standings filterDiv divE""><iframe src=""https://docs.google.com/spreadsheets/d/e/2PACX-1vSfoZxJkO1zWWSnmDZd75_lSH7-Q4KPtuyx2u_WaSoxwtMFVUzysfzbcnlRW1THr-7Krg9e3r_MtA-7/pubhtml?gid=1451526726&amp;single=true&amp;widget=true&amp;headers=false""></iframe></div>"
E2,https://docs.google.com/forms/d/e/1FAIpQLSdezVcwiSSE5RcofrjgkvX6ZdvCOA5lgPnp6hPn3eI9AeKRFQ/viewform,https://docs.google.com/spreadsheets/d/1Zoh9VJ-M1K4VwLbXK31D889e-Lyg6QCJpt6Th8YU-Q4,6,s55/e2,TRUE,TRUE,"<iframe src=""https://docs.google.com/spreadsheets/d/e/2PACX-1vTngBXj5rN8WV-x647F5SMTpptN_DquEYnaKsYNDyre7QHKEDjQr3iFt1BYkJyTpggut2VvZ0Ln2enI/pubhtml?gid=1451526726&amp;single=true&amp;widget=true&amp;headers=false""></iframe>",https://docs.google.com/spreadsheets/d/e/2PACX-1vTngBXj5rN8WV-x647F5SMTpptN_DquEYnaKsYNDyre7QHKEDjQr3iFt1BYkJyTpggut2VvZ0Ln2enI/pubhtml,TRUE,"<div id=""E2"" class=""current-standings filterDiv divE""><iframe src=""https://docs.google.com/spreadsheets/d/e/2PACX-1vTngBXj5rN8WV-x647F5SMTpptN_DquEYnaKsYNDyre7QHKEDjQr3iFt1BYkJyTpggut2VvZ0Ln2enI/pubhtml?gid=1451526726&amp;single=true&amp;widget=true&amp;headers=false""></iframe></div>"
E3,https://docs.google.com/forms/d/e/1FAIpQLSd1UkI1FRatUcjwlsHJt5s6-2CUgRf8cpk2NJLBtM0dmzNK1Q/viewform,https://docs.google.com/spreadsheets/d/1W1RGvGoWmI8wUu8kyjL2uHrkDukVVdTukNrkv51_ZBI,6,s55/e3,TRUE,TRUE,"<iframe src=""https://docs.google.com/spreadsheets/d/e/2PACX-1vRxF-2QiyMkcj1dJ2QVMopBs74gipc5UtUD5BkbFboLCGChdz_hAI6jkZQUtwh5zj2DaSrJKk8miKa2/pubhtml?gid=1451526726&amp;single=true&amp;widget=true&amp;headers=false""></iframe>",https://docs.google.com/spreadsheets/d/e/2PACX-1vRxF-2QiyMkcj1dJ2QVMopBs74gipc5UtUD5BkbFboLCGChdz_hAI6jkZQUtwh5zj2DaSrJKk8miKa2/pubhtml,TRUE,"<div id=""E3"" class=""current-standings filterDiv divE""><iframe src=""https://docs.google.com/spreadsheets/d/e/2PACX-1vRxF-2QiyMkcj1dJ2QVMopBs74gipc5UtUD5BkbFboLCGChdz_hAI6jkZQUtwh5zj2DaSrJKk8miKa2/pubhtml?gid=1451526726&amp;single=true&amp;widget=true&amp;headers=false""></iframe></div>"
E4,https://docs.google.com/forms/d/e/1FAIpQLSfPtxjmRmsM5z8njwk4oklaLRxzcOWsvQLTvNZWtZoixdZ5TA/viewform,https://docs.google.com/spreadsheets/d/1Fy1fNrWtUv-I8sJ593eke7-ZoGkzonIb4MJj0oC9kRI,6,s55/e4,TRUE,TRUE,"<iframe src=""https://docs.google.com/spreadsheets/d/e/2PACX-1vQu-FtSI-tk3QvJidvCbhtJj1KokcQC48k-NvR58Kkviu1E13_DICEWeD8BHu9wTPEAdR9d319VWMCU/pubhtml?gid=1451526726&amp;single=true&amp;widget=true&amp;headers=false""></iframe>",https://docs.google.com/spreadsheets/d/e/2PACX-1vQu-FtSI-tk3QvJidvCbhtJj1KokcQC48k-NvR58Kkviu1E13_DICEWeD8BHu9wTPEAdR9d319VWMCU/pubhtml,TRUE,"<div id=""E4"" class=""current-standings filterDiv divE""><iframe src=""https://docs.google.com/spreadsheets/d/e/2PACX-1vQu-FtSI-tk3QvJidvCbhtJj1KokcQC48k-NvR58Kkviu1E13_DICEWeD8BHu9wTPEAdR9d319VWMCU/pubhtml?gid=1451526726&amp;single=true&amp;widget=true&amp;headers=false""></iframe></div>"
E5,https://docs.google.com/forms/d/e/1FAIpQLSfXMfQFJ9trGybi6pR_M0gj353jZdonyQHtv6kXQv2wBQtbDg/viewform,https://docs.google.com/spreadsheets/d/1jOtxBsRjpc62nP4n5sp_oCX82V6-NfKNWcTdI5gg4xA,6,s55/e5,TRUE,TRUE,"<iframe src=""https://docs.google.com/spreadsheets/d/e/2PACX-1vSM1PP28xpbjD9Ijblmc_zOw4GXwc7MK-HwH3uVCvGFcSv8FZtKoT72tTsY96oDne16iATBq7xpuYTp/pubhtml?gid=1451526726&amp;single=true&amp;widget=true&amp;headers=false""></iframe>",https://docs.google.com/spreadsheets/d/e/2PACX-1vSM1PP28xpbjD9Ijblmc_zOw4GXwc7MK-HwH3uVCvGFcSv8FZtKoT72tTsY96oDne16iATBq7xpuYTp/pubhtml,TRUE,"<div id=""E5"" class=""current-standings filterDiv divE""><iframe src=""https://docs.google.com/spreadsheets/d/e/2PACX-1vSM1PP28xpbjD9Ijblmc_zOw4GXwc7MK-HwH3uVCvGFcSv8FZtKoT72tTsY96oDne16iATBq7xpuYTp/pubhtml?gid=1451526726&amp;single=true&amp;widget=true&amp;headers=false""></iframe></div>"
E6,https://docs.google.com/forms/d/e/1FAIpQLSfeslPO6s8pSyXAWIwGx8vAfC11Q9zN7JGTLjF84usP0NSjCA/viewform,https://docs.google.com/spreadsheets/d/1cHHGYqdoonu2D2SoXb6UPNy7Qw4S8_0xnf22IJgnKgY,6,s55/e6,TRUE,TRUE,"<iframe src=""https://docs.google.com/spreadsheets/d/e/2PACX-1vQdK98T2eQHSt-GwUpHNTvK01tMtBW3OJtrqEZIrsVUJlBNoVFTxQsJg4fHJy2TmHS6Nl0gbd3u-ZCH/pubhtml?gid=1451526726&amp;single=true&amp;widget=true&amp;headers=false""></iframe>",https://docs.google.com/spreadsheets/d/e/2PACX-1vQdK98T2eQHSt-GwUpHNTvK01tMtBW3OJtrqEZIrsVUJlBNoVFTxQsJg4fHJy2TmHS6Nl0gbd3u-ZCH/pubhtml,TRUE,"<div id=""E6"" class=""current-standings filterDiv divE""><iframe src=""https://docs.google.com/spreadsheets/d/e/2PACX-1vQdK98T2eQHSt-GwUpHNTvK01tMtBW3OJtrqEZIrsVUJlBNoVFTxQsJg4fHJy2TmHS6Nl0gbd3u-ZCH/pubhtml?gid=1451526726&amp;single=true&amp;widget=true&amp;headers=false""></iframe></div>"
E7,https://docs.google.com/forms/d/e/1FAIpQLScBkza3WtLZgF0_sfsbvFZFi6-3UE-NMpZy10HbA7lVQZtV1Q/viewform,https://docs.google.com/spreadsheets/d/1A8D7mKbMZSnYZZWYuTG2lwBTADdKRKf3QV5JgQwpsz0,6,s55/e7,TRUE,TRUE,"<iframe src=""https://docs.google.com/spreadsheets/d/e/2PACX-1vRIEJvCHFimc4IguPFgv0UytMrB5-vcEWT3vBf6jqzs3Ea31jqfAOnCtXm4LzLcfuDGBiLYvEN_ay9Q/pubhtml?gid=1451526726&amp;single=true&amp;widget=true&amp;headers=false""></iframe>",https://docs.google.com/spreadsheets/d/e/2PACX-1vRIEJvCHFimc4IguPFgv0UytMrB5-vcEWT3vBf6jqzs3Ea31jqfAOnCtXm4LzLcfuDGBiLYvEN_ay9Q/pubhtml,TRUE,"<div id=""E7"" class=""current-standings filterDiv divE""><iframe src=""https://docs.google.com/spreadsheets/d/e/2PACX-1vRIEJvCHFimc4IguPFgv0UytMrB5-vcEWT3vBf6jqzs3Ea31jqfAOnCtXm4LzLcfuDGBiLYvEN_ay9Q/pubhtml?gid=1451526726&amp;single=true&amp;widget=true&amp;headers=false""></iframe></div>"
E8,https://docs.google.com/forms/d/e/1FAIpQLScnE1xTBgYO4m7tE4MrOg2V7aejjnY7UIyPDaJcuTo28xGNHg/viewform,https://docs.google.com/spreadsheets/d/1GQxWIWYs2Oug1GL58e4J7JeDkLeshPoQJowR_OO2NBk,6,s55/e8,TRUE,TRUE,"<iframe src=""https://docs.google.com/spreadsheets/d/e/2PACX-1vS_j0VlVDY94azHuOfo705NckvgPggaoY0vw63ChtQhZKBjSeiqb51PYbhLzSRj7ZuSfcsiKkE8gz6A/pubhtml?gid=1451526726&amp;single=true&amp;widget=true&amp;headers=false""></iframe>",https://docs.google.com/spreadsheets/d/e/2PACX-1vS_j0VlVDY94azHuOfo705NckvgPggaoY0vw63ChtQhZKBjSeiqb51PYbhLzSRj7ZuSfcsiKkE8gz6A/pubhtml,TRUE,"<div id=""E8"" class=""current-standings filterDiv divE""><iframe src=""https://docs.google.com/spreadsheets/d/e/2PACX-1vS_j0VlVDY94azHuOfo705NckvgPggaoY0vw63ChtQhZKBjSeiqb51PYbhLzSRj7ZuSfcsiKkE8gz6A/pubhtml?gid=1451526726&amp;single=true&amp;widget=true&amp;headers=false""></iframe></div>"
F1,https://docs.google.com/forms/d/e/1FAIpQLSeK7HkBoVD5q2GcpY5bRrnsuJqbFnAAGFH7k7WdcBUFCzZ7fQ/viewform,https://docs.google.com/spreadsheets/d/1d-dL2wuZ6C5ib-s24CyBlvQP9D0TjxFdYDb3KxSv67k,6,s55/f1,TRUE,TRUE,"<iframe src=""https://docs.google.com/spreadsheets/d/e/2PACX-1vQ2x31lhwQ7rNimUZ61tiBRiHusxIarbKnDwtBcVB5Zrw0v7UVNjUdq-HUGMlrNdX0XynoPkEcVw4qM/pubhtml?gid=1451526726&amp;single=true&amp;widget=true&amp;headers=false""></iframe>",https://docs.google.com/spreadsheets/d/e/2PACX-1vQ2x31lhwQ7rNimUZ61tiBRiHusxIarbKnDwtBcVB5Zrw0v7UVNjUdq-HUGMlrNdX0XynoPkEcVw4qM/pubhtml,TRUE,"<div id=""F1"" class=""current-standings filterDiv divF""><iframe src=""https://docs.google.com/spreadsheets/d/e/2PACX-1vQ2x31lhwQ7rNimUZ61tiBRiHusxIarbKnDwtBcVB5Zrw0v7UVNjUdq-HUGMlrNdX0XynoPkEcVw4qM/pubhtml?gid=1451526726&amp;single=true&amp;widget=true&amp;headers=false""></iframe></div>"
F2,https://docs.google.com/forms/d/e/1FAIpQLSc2kTfPKQojmT3BrJ_Wx8ht1fqo2P6HtWY-WMc4n1Q1U2dcfw/viewform,https://docs.google.com/spreadsheets/d/1xRbtKWtWOYa1c6WO1gZi7GQ9FcW40u62ANzSPOezKvs,6,s55/f2,TRUE,TRUE,"<iframe src=""https://docs.google.com/spreadsheets/d/e/2PACX-1vSDMen3jDyFbOsm2cshSNeLn4CHUwpTOodcR7S4jwvJEQz3AwsCo-FsAFnl5_Oa_V_GH_-qPMiu1Ntj/pubhtml?gid=1451526726&amp;single=true&amp;widget=true&amp;headers=false""></iframe>",https://docs.google.com/spreadsheets/d/e/2PACX-1vSDMen3jDyFbOsm2cshSNeLn4CHUwpTOodcR7S4jwvJEQz3AwsCo-FsAFnl5_Oa_V_GH_-qPMiu1Ntj/pubhtml,TRUE,"<div id=""F2"" class=""current-standings filterDiv divF""><iframe src=""https://docs.google.com/spreadsheets/d/e/2PACX-1vSDMen3jDyFbOsm2cshSNeLn4CHUwpTOodcR7S4jwvJEQz3AwsCo-FsAFnl5_Oa_V_GH_-qPMiu1Ntj/pubhtml?gid=1451526726&amp;single=true&amp;widget=true&amp;headers=false""></iframe></div>"
F3,https://docs.google.com/forms/d/e/1FAIpQLSfq9pW60NmUyvw9VJ7TyQYgc6poi5bfiN_sLoADFkTYLgR4kg/viewform,https://docs.google.com/spreadsheets/d/15BL1gN1OshMrLSqoBbjNvTegaNZY9Lm5jVU3ZFr_VtY,6,s55/f3,TRUE,TRUE,"<iframe src=""https://docs.google.com/spreadsheets/d/e/2PACX-1vS-IWe7TkB9jEHcgH8Pts4lvzk9gZRCYRTBwrPQb_0kn8mzSokH3nlQ5zx4xO5Ax-lrDas9eED7inMY/pubhtml?gid=1451526726&amp;single=true&amp;widget=true&amp;headers=false""></iframe>",https://docs.google.com/spreadsheets/d/e/2PACX-1vS-IWe7TkB9jEHcgH8Pts4lvzk9gZRCYRTBwrPQb_0kn8mzSokH3nlQ5zx4xO5Ax-lrDas9eED7inMY/pubhtml,TRUE,"<div id=""F3"" class=""current-standings filterDiv divF""><iframe src=""https://docs.google.com/spreadsheets/d/e/2PACX-1vS-IWe7TkB9jEHcgH8Pts4lvzk9gZRCYRTBwrPQb_0kn8mzSokH3nlQ5zx4xO5Ax-lrDas9eED7inMY/pubhtml?gid=1451526726&amp;single=true&amp;widget=true&amp;headers=false""></iframe></div>"
F4,https://docs.google.com/forms/d/e/1FAIpQLSeINYLoHJGjJaWtJ0jF806C6y5tPb4OdN1UZ3jIEFL9s3i-fw/viewform,https://docs.google.com/spreadsheets/d/1H87af4tL6Fdxmru_qmtWnHooBP1vJR1GGII9N-fwxAQ,6,s55/f4,TRUE,TRUE,"<iframe src=""https://docs.google.com/spreadsheets/d/e/2PACX-1vRoP9tdlpL0FGkDzCEtKEWgFgN200LRM9OJfgqriqBY9TYGdbX-lf7K2cLRDYFOCs-5JSRU1NJkkpNl/pubhtml?gid=1451526726&amp;single=true&amp;widget=true&amp;headers=false""></iframe>",https://docs.google.com/spreadsheets/d/e/2PACX-1vRoP9tdlpL0FGkDzCEtKEWgFgN200LRM9OJfgqriqBY9TYGdbX-lf7K2cLRDYFOCs-5JSRU1NJkkpNl/pubhtml,TRUE,"<div id=""F4"" class=""current-standings filterDiv divF""><iframe src=""https://docs.google.com/spreadsheets/d/e/2PACX-1vRoP9tdlpL0FGkDzCEtKEWgFgN200LRM9OJfgqriqBY9TYGdbX-lf7K2cLRDYFOCs-5JSRU1NJkkpNl/pubhtml?gid=1451526726&amp;single=true&amp;widget=true&amp;headers=false""></iframe></div>"
F5,https://docs.google.com/forms/d/e/1FAIpQLSf6oe1-U39jXDx-TSopNb_m0yguhC2ytQ8Br0Wi_1yNxGb5CQ/viewform,https://docs.google.com/spreadsheets/d/1DFy78dFxnYlZlc0EQlVobT8yGxvvPlXVMjZpwonjllQ,6,s55/f5,TRUE,TRUE,"<iframe src=""https://docs.google.com/spreadsheets/d/e/2PACX-1vQTrc8vRkQOq7VXT724MxNa45uuZ3jQjPQRRnt4Hi4PR5txI4_Xl_-u6i0iNA0dQHB4qMXlt2Uj5-0W/pubhtml?gid=1451526726&amp;single=true&amp;widget=true&amp;headers=false""></iframe>",https://docs.google.com/spreadsheets/d/e/2PACX-1vQTrc8vRkQOq7VXT724MxNa45uuZ3jQjPQRRnt4Hi4PR5txI4_Xl_-u6i0iNA0dQHB4qMXlt2Uj5-0W/pubhtml,TRUE,"<div id=""F5"" class=""current-standings filterDiv divF""><iframe src=""https://docs.google.com/spreadsheets/d/e/2PACX-1vQTrc8vRkQOq7VXT724MxNa45uuZ3jQjPQRRnt4Hi4PR5txI4_Xl_-u6i0iNA0dQHB4qMXlt2Uj5-0W/pubhtml?gid=1451526726&amp;single=true&amp;widget=true&amp;headers=false""></iframe></div>"
F6,https://docs.google.com/forms/d/e/1FAIpQLSdj9-xCHaYj9QShuwTLJs1khW3Yjyw_kzMiovwvCteSMIh9lg/viewform,https://docs.google.com/spreadsheets/d/1iEJkqEpJ_K-qrhrITAPp2FFsDyed3hMZw6WGGHtb9Ec,6,s55/f6,TRUE,TRUE,"<iframe src=""https://docs.google.com/spreadsheets/d/e/2PACX-1vTNYz4P-KLLxtazZAZK8tJjBXWEm1Qne_17FV0WR4M3jMJT0SoMVuf3H9pkVoRuhQeaHxJHDgOtUE1X/pubhtml?gid=1451526726&amp;single=true&amp;widget=true&amp;headers=false""></iframe>",https://docs.google.com/spreadsheets/d/e/2PACX-1vTNYz4P-KLLxtazZAZK8tJjBXWEm1Qne_17FV0WR4M3jMJT0SoMVuf3H9pkVoRuhQeaHxJHDgOtUE1X/pubhtml,TRUE,"<div id=""F6"" class=""current-standings filterDiv divF""><iframe src=""https://docs.google.com/spreadsheets/d/e/2PACX-1vTNYz4P-KLLxtazZAZK8tJjBXWEm1Qne_17FV0WR4M3jMJT0SoMVuf3H9pkVoRuhQeaHxJHDgOtUE1X/pubhtml?gid=1451526726&amp;single=true&amp;widget=true&amp;headers=false""></iframe></div>"
F7,https://docs.google.com/forms/d/e/1FAIpQLSet45P7lX4YY9wys1VNkrROLdF1eWoQouLhEjTlOtljUtoYww/viewform,https://docs.google.com/spreadsheets/d/1l7Ji_2vLmOUfAWK3m9vRDZnbl-Bh50ETpT5tgOjK8mk,6,s55/f7,TRUE,TRUE,"<iframe src=""https://docs.google.com/spreadsheets/d/e/2PACX-1vSoxZfNXh-klYpBNf28JbHEfudrLcLfJWLjWAbq0FXJjPXyBVx1Y9A2lgIA4NH68kwgM5D3YU4jwzck/pubhtml?gid=1451526726&amp;single=true&amp;widget=true&amp;headers=false""></iframe>",https://docs.google.com/spreadsheets/d/e/2PACX-1vSoxZfNXh-klYpBNf28JbHEfudrLcLfJWLjWAbq0FXJjPXyBVx1Y9A2lgIA4NH68kwgM5D3YU4jwzck/pubhtml,TRUE,"<div id=""F7"" class=""current-standings filterDiv divF""><iframe src=""https://docs.google.com/spreadsheets/d/e/2PACX-1vSoxZfNXh-klYpBNf28JbHEfudrLcLfJWLjWAbq0FXJjPXyBVx1Y9A2lgIA4NH68kwgM5D3YU4jwzck/pubhtml?gid=1451526726&amp;single=true&amp;widget=true&amp;headers=false""></iframe></div>"
F8,https://docs.google.com/forms/d/e/1FAIpQLScobmHWQ4BEGeVPQvl4Q5N61uw7dM1DwRnmyoSROhl6JIDL0Q/viewform,https://docs.google.com/spreadsheets/d/1gV09Ef4wjIbWUf4Vx42xu3DvZ9bpokqr100m4zN4CAA,6,s55/f8,TRUE,TRUE,"<iframe src=""https://docs.google.com/spreadsheets/d/e/2PACX-1vQkfpjA-HjhBDaPcx7og0cO4o6dKoT-TwZ95S3O_qy3nYAOfmA_v6BHy4TU0MEqC2sMyH3yBa5zpLsl/pubhtml?gid=1451526726&amp;single=true&amp;widget=true&amp;headers=false""></iframe>",https://docs.google.com/spreadsheets/d/e/2PACX-1vQkfpjA-HjhBDaPcx7og0cO4o6dKoT-TwZ95S3O_qy3nYAOfmA_v6BHy4TU0MEqC2sMyH3yBa5zpLsl/pubhtml,TRUE,"<div id=""F8"" class=""current-standings filterDiv divF""><iframe src=""https://docs.google.com/spreadsheets/d/e/2PACX-1vQkfpjA-HjhBDaPcx7og0cO4o6dKoT-TwZ95S3O_qy3nYAOfmA_v6BHy4TU0MEqC2sMyH3yBa5zpLsl/pubhtml?gid=1451526726&amp;single=true&amp;widget=true&amp;headers=false""></iframe></div>"
F9,https://docs.google.com/forms/d/e/1FAIpQLSdjZAMQB-5T28ocUeWSq-FuiUFYdu4KkXxvXkfeWjKmV00Abw/viewform,https://docs.google.com/spreadsheets/d/1f1wDyVOftMRutE4B4hVTWeUdOsPVnCdoJWPT2v0IlAQ,6,s55/f9,TRUE,TRUE,"<iframe src=""https://docs.google.com/spreadsheets/d/e/2PACX-1vSZtbuDz5mZn8LKFwDVUD-2vvgDkOsgmenxXDp3QPgQO8iad3l1rag4deaFRzWBccEYowbwnWCl5qFx/pubhtml?gid=1451526726&amp;single=true&amp;widget=true&amp;headers=false""></iframe>",https://docs.google.com/spreadsheets/d/e/2PACX-1vSZtbuDz5mZn8LKFwDVUD-2vvgDkOsgmenxXDp3QPgQO8iad3l1rag4deaFRzWBccEYowbwnWCl5qFx/pubhtml,TRUE,"<div id=""F9"" class=""current-standings filterDiv divF""><iframe src=""https://docs.google.com/spreadsheets/d/e/2PACX-1vSZtbuDz5mZn8LKFwDVUD-2vvgDkOsgmenxXDp3QPgQO8iad3l1rag4deaFRzWBccEYowbwnWCl5qFx/pubhtml?gid=1451526726&amp;single=true&amp;widget=true&amp;headers=false""></iframe></div>"
F10,https://docs.google.com/forms/d/e/1FAIpQLSdnLpZTZ2gOyMBLDw2BHSZgNa8ahqOvFNy0bZQ4ZpUZouhQng/viewform,https://docs.google.com/spreadsheets/d/1D8-F35acuHUIq7K41Q7I__DTfYREHIPKJ6i8J7m0srk,6,s55/f10,TRUE,TRUE,"<iframe src=""https://docs.google.com/spreadsheets/d/e/2PACX-1vQZuoVfZTXj9v9I_5RuWC8EeZcODCS9l62SKhF0mBOrnnXAXQ0SMrrIeQxcgDWIhbyzRF_3KJSdndlO/pubhtml?gid=1451526726&amp;single=true&amp;widget=true&amp;headers=false""></iframe>",https://docs.google.com/spreadsheets/d/e/2PACX-1vQZuoVfZTXj9v9I_5RuWC8EeZcODCS9l62SKhF0mBOrnnXAXQ0SMrrIeQxcgDWIhbyzRF_3KJSdndlO/pubhtml,TRUE,"<div id=""F10"" class=""current-standings filterDiv divF""><iframe src=""https://docs.google.com/spreadsheets/d/e/2PACX-1vQZuoVfZTXj9v9I_5RuWC8EeZcODCS9l62SKhF0mBOrnnXAXQ0SMrrIeQxcgDWIhbyzRF_3KJSdndlO/pubhtml?gid=1451526726&amp;single=true&amp;widget=true&amp;headers=false""></iframe></div>"
F11,https://docs.google.com/forms/d/e/1FAIpQLSfyo4qhgPRWwaRBKO4etqoY_NzugY08o8EblmybsA3LP1ZgRw/viewform,https://docs.google.com/spreadsheets/d/1ta3XmiVt8xV9QLyJuJqI3fe3fD4_P6CCLyeap6vJcSU,6,s55/f11,TRUE,TRUE,"<iframe src=""https://docs.google.com/spreadsheets/d/e/2PACX-1vRqJOUQKojyuGJiMiXO29sZo_e8ef7deSJwPVpYfm3Dt6VIfbc_CZrBR6u3qUnYJgJYrXmqpZ_sjhQH/pubhtml?gid=1451526726&amp;single=true&amp;widget=true&amp;headers=false""></iframe>",https://docs.google.com/spreadsheets/d/e/2PACX-1vRqJOUQKojyuGJiMiXO29sZo_e8ef7deSJwPVpYfm3Dt6VIfbc_CZrBR6u3qUnYJgJYrXmqpZ_sjhQH/pubhtml,TRUE,"<div id=""F11"" class=""current-standings filterDiv divF""><iframe src=""https://docs.google.com/spreadsheets/d/e/2PACX-1vRqJOUQKojyuGJiMiXO29sZo_e8ef7deSJwPVpYfm3Dt6VIfbc_CZrBR6u3qUnYJgJYrXmqpZ_sjhQH/pubhtml?gid=1451526726&amp;single=true&amp;widget=true&amp;headers=false""></iframe></div>"
F12,https://docs.google.com/forms/d/e/1FAIpQLSff72crSgB-aS9mcnKRXOti3mVhqHWI5zYqIkSyt44fvTcc0w/viewform,https://docs.google.com/spreadsheets/d/1XoqFyHWMWJ7mFbTmD-NiwefNMwlB0cUZ5qDG1LxQTLE,6,s55/f12,TRUE,TRUE,"<iframe src=""https://docs.google.com/spreadsheets/d/e/2PACX-1vTVvPhbAgVp7FoNZmT4tNdx_C52caFEHIOaqmdhYp9Zf4JbtesGpt9Zs-vTci_dMKLtoq36THoDF_Ye/pubhtml?gid=1451526726&amp;single=true&amp;widget=true&amp;headers=false""></iframe>",https://docs.google.com/spreadsheets/d/e/2PACX-1vTVvPhbAgVp7FoNZmT4tNdx_C52caFEHIOaqmdhYp9Zf4JbtesGpt9Zs-vTci_dMKLtoq36THoDF_Ye/pubhtml,TRUE,"<div id=""F12"" class=""current-standings filterDiv divF""><iframe src=""https://docs.google.com/spreadsheets/d/e/2PACX-1vTVvPhbAgVp7FoNZmT4tNdx_C52caFEHIOaqmdhYp9Zf4JbtesGpt9Zs-vTci_dMKLtoq36THoDF_Ye/pubhtml?gid=1451526726&amp;single=true&amp;widget=true&amp;headers=false""></iframe></div>"
F13,https://docs.google.com/forms/d/e/1FAIpQLSeBYVRmXkNcPNaUtgbrNZaGpTqT36tOI4dZ83E54V8DFO842Q/viewform,https://docs.google.com/spreadsheets/d/1DygD7PGCuRfn_mm1ZhOD_q_AtRKPqymch9h3e46VugY,6,s55/f13,TRUE,TRUE,"<iframe src=""https://docs.google.com/spreadsheets/d/e/2PACX-1vQcHi3heDRSX-Et1cTxWOYqKBUXvPfGm33kXevuX-VvgVjUW-WQgPOaFcFYDyvCXn0WclZJ2BJvQhsh/pubhtml?gid=1451526726&amp;single=true&amp;widget=true&amp;headers=false""></iframe>",https://docs.google.com/spreadsheets/d/e/2PACX-1vQcHi3heDRSX-Et1cTxWOYqKBUXvPfGm33kXevuX-VvgVjUW-WQgPOaFcFYDyvCXn0WclZJ2BJvQhsh/pubhtml,TRUE,"<div id=""F13"" class=""current-standings filterDiv divF""><iframe src=""https://docs.google.com/spreadsheets/d/e/2PACX-1vQcHi3heDRSX-Et1cTxWOYqKBUXvPfGm33kXevuX-VvgVjUW-WQgPOaFcFYDyvCXn0WclZJ2BJvQhsh/pubhtml?gid=1451526726&amp;single=true&amp;widget=true&amp;headers=false""></iframe></div>"
F14,https://docs.google.com/forms/d/e/1FAIpQLSe1DDJSUL5en7v4RC_qE7lFqlPJKkuTmxDoHG6VoDEgyDbivA/viewform,https://docs.google.com/spreadsheets/d/1uUcatVNmkjGt5sQLreIUhDANa1UkWBfJ8wcR7uKXeBk,6,s55/f14,TRUE,TRUE,"<iframe src=""https://docs.google.com/spreadsheets/d/e/2PACX-1vSqBBg0GlrWScX51ogCjJUVmdWGMUaZm2_aoDqhg1A7mnfxto_k7k2RK_rl6R6YNGv9WwzDzcARJHJC/pubhtml?gid=1451526726&amp;single=true&amp;widget=true&amp;headers=false""></iframe>",https://docs.google.com/spreadsheets/d/e/2PACX-1vSqBBg0GlrWScX51ogCjJUVmdWGMUaZm2_aoDqhg1A7mnfxto_k7k2RK_rl6R6YNGv9WwzDzcARJHJC/pubhtml,TRUE,"<div id=""F14"" class=""current-standings filterDiv divF""><iframe src=""https://docs.google.com/spreadsheets/d/e/2PACX-1vSqBBg0GlrWScX51ogCjJUVmdWGMUaZm2_aoDqhg1A7mnfxto_k7k2RK_rl6R6YNGv9WwzDzcARJHJC/pubhtml?gid=1451526726&amp;single=true&amp;widget=true&amp;headers=false""></iframe></div>"
G1,https://docs.google.com/forms/d/e/1FAIpQLScZIM1M2W4v6-jlmscLsLuomQg9k2rPQq32DXonG2lXdH29ug/viewform,https://docs.google.com/spreadsheets/d/1fwShN7orBHTAq0QOCtXSy83dMnq53vC8X8ZWh-0k3OY,6,s55/g1,TRUE,TRUE,"<iframe src=""https://docs.google.com/spreadsheets/d/e/2PACX-1vT9AFYmBOiDdtIo1iSyN7Cu7GNU7xugFyZnlHIhhYY3ZzwBtXBOtrPKEqlkYi9OSaz7Tj18UQVOcHNr/pubhtml?gid=1451526726&amp;single=true&amp;widget=true&amp;headers=false""></iframe>",https://docs.google.com/spreadsheets/d/e/2PACX-1vT9AFYmBOiDdtIo1iSyN7Cu7GNU7xugFyZnlHIhhYY3ZzwBtXBOtrPKEqlkYi9OSaz7Tj18UQVOcHNr/pubhtml,TRUE,"<div id=""G1"" class=""current-standings filterDiv divG""><iframe src=""https://docs.google.com/spreadsheets/d/e/2PACX-1vT9AFYmBOiDdtIo1iSyN7Cu7GNU7xugFyZnlHIhhYY3ZzwBtXBOtrPKEqlkYi9OSaz7Tj18UQVOcHNr/pubhtml?gid=1451526726&amp;single=true&amp;widget=true&amp;headers=false""></iframe></div>"
G2,https://docs.google.com/forms/d/e/1FAIpQLSfUAcBH6qWwAMmahuMXr4qWupOCiXRE4HmINYwKJcHmrnSBnw/viewform,https://docs.google.com/spreadsheets/d/1BqvE-4iLOmQapmsPeThNijtwIoTXKZmSuRQGPP4J_qM,6,s55/g2,TRUE,TRUE,"<iframe src=""https://docs.google.com/spreadsheets/d/e/2PACX-1vTZFiKn_UYrtUCa3AFAB40teXOfF--PBIVStKznDXbK_Tw9eILMqputFkvkZPDQIlGp684Eq6crkUr9/pubhtml?gid=1451526726&amp;single=true&amp;widget=true&amp;headers=false""></iframe>",https://docs.google.com/spreadsheets/d/e/2PACX-1vTZFiKn_UYrtUCa3AFAB40teXOfF--PBIVStKznDXbK_Tw9eILMqputFkvkZPDQIlGp684Eq6crkUr9/pubhtml,TRUE,"<div id=""G2"" class=""current-standings filterDiv divG""><iframe src=""https://docs.google.com/spreadsheets/d/e/2PACX-1vTZFiKn_UYrtUCa3AFAB40teXOfF--PBIVStKznDXbK_Tw9eILMqputFkvkZPDQIlGp684Eq6crkUr9/pubhtml?gid=1451526726&amp;single=true&amp;widget=true&amp;headers=false""></iframe></div>"
G3,https://docs.google.com/forms/d/e/1FAIpQLSe3J14i6hQEVQmvR1oTtxgv0_3XVsJ-OCjdNArJ1woGxX0LmQ/viewform,https://docs.google.com/spreadsheets/d/16GE0f7D9hxspOOEOqGVpNs7RHUHi5in6NiYEVS5eDLU,6,s55/g3,TRUE,TRUE,"<iframe src=""https://docs.google.com/spreadsheets/d/e/2PACX-1vTsLirQ47mgwqa_HqYDNe-mwe_A_Thc0Uy8ttHExsHHLrf8kpoujJni7AuKUQZZNUndO0TXPAs5Y50k/pubhtml?gid=1451526726&amp;single=true&amp;widget=true&amp;headers=false""></iframe>",https://docs.google.com/spreadsheets/d/e/2PACX-1vTsLirQ47mgwqa_HqYDNe-mwe_A_Thc0Uy8ttHExsHHLrf8kpoujJni7AuKUQZZNUndO0TXPAs5Y50k/pubhtml,TRUE,"<div id=""G3"" class=""current-standings filterDiv divG""><iframe src=""https://docs.google.com/spreadsheets/d/e/2PACX-1vTsLirQ47mgwqa_HqYDNe-mwe_A_Thc0Uy8ttHExsHHLrf8kpoujJni7AuKUQZZNUndO0TXPAs5Y50k/pubhtml?gid=1451526726&amp;single=true&amp;widget=true&amp;headers=false""></iframe></div>"
G4,https://docs.google.com/forms/d/e/1FAIpQLSfJERWLGsJ9aMR3DoHK6hZU7WHoYRRuDzmCWB9XtjCzCf-Bzw/viewform,https://docs.google.com/spreadsheets/d/1ib66y1y9gVxT40RuOBzd8MExWZMfUWFE8WovN8yM3gU,6,s55/g4,TRUE,TRUE,"<iframe src=""https://docs.google.com/spreadsheets/d/e/2PACX-1vQrSeXkD3bG73BECTUxv4q1-BghvYxvboCrc4FwFiYb89qtTybo6PTjFlLX3X-elzKQCGFwXdQbRGE8/pubhtml?gid=1451526726&amp;single=true&amp;widget=true&amp;headers=false""></iframe>",https://docs.google.com/spreadsheets/d/e/2PACX-1vQrSeXkD3bG73BECTUxv4q1-BghvYxvboCrc4FwFiYb89qtTybo6PTjFlLX3X-elzKQCGFwXdQbRGE8/pubhtml,TRUE,"<div id=""G4"" class=""current-standings filterDiv divG""><iframe src=""https://docs.google.com/spreadsheets/d/e/2PACX-1vQrSeXkD3bG73BECTUxv4q1-BghvYxvboCrc4FwFiYb89qtTybo6PTjFlLX3X-elzKQCGFwXdQbRGE8/pubhtml?gid=1451526726&amp;single=true&amp;widget=true&amp;headers=false""></iframe></div>"
G5,https://docs.google.com/forms/d/e/1FAIpQLSd1pQ_MueMYm9I0EcbrKrl5G9bYU8pb-XtFNWwScgtQOWqZGQ/viewform,https://docs.google.com/spreadsheets/d/1T2PHRs8MO-ocGN7nATsUkElyk4HP3lv8wYvS7Ss5wmE,6,s55/g5,TRUE,TRUE,"<iframe src=""https://docs.google.com/spreadsheets/d/e/2PACX-1vSByLCxckUsfWldjFf7DCJuh7yniuMpHl8DionxR9_NGYXt2OwWfk_YVlrZxHhHJmfA9ZmaIoC8HzOR/pubhtml?gid=1451526726&amp;single=true&amp;widget=true&amp;headers=false""></iframe>",https://docs.google.com/spreadsheets/d/e/2PACX-1vSByLCxckUsfWldjFf7DCJuh7yniuMpHl8DionxR9_NGYXt2OwWfk_YVlrZxHhHJmfA9ZmaIoC8HzOR/pubhtml,TRUE,"<div id=""G5"" class=""current-standings filterDiv divG""><iframe src=""https://docs.google.com/spreadsheets/d/e/2PACX-1vSByLCxckUsfWldjFf7DCJuh7yniuMpHl8DionxR9_NGYXt2OwWfk_YVlrZxHhHJmfA9ZmaIoC8HzOR/pubhtml?gid=1451526726&amp;single=true&amp;widget=true&amp;headers=false""></iframe></div>"
G6,https://docs.google.com/forms/d/e/1FAIpQLSd3q4fWTJMbCwYM1cJz1mSGuo1DIqfDl9O2gDVdawFDrHcrdw/viewform,https://docs.google.com/spreadsheets/d/10Jo_oEuKjJrN59mInS3uAqQTj5eJWA0CILl1KO86HqM,6,s55/g6,TRUE,TRUE,"<iframe src=""https://docs.google.com/spreadsheets/d/e/2PACX-1vRdBVFL7KiiAY-bYX2QlWotXG2pxJrIhnrC7O1PCDhTR0C9ghEyWy7kMfmq2pvEPcinVf_8o_Zv7krf/pubhtml?gid=1451526726&amp;single=true&amp;widget=true&amp;headers=false""></iframe>",https://docs.google.com/spreadsheets/d/e/2PACX-1vRdBVFL7KiiAY-bYX2QlWotXG2pxJrIhnrC7O1PCDhTR0C9ghEyWy7kMfmq2pvEPcinVf_8o_Zv7krf/pubhtml,TRUE,"<div id=""G6"" class=""current-standings filterDiv divG""><iframe src=""https://docs.google.com/spreadsheets/d/e/2PACX-1vRdBVFL7KiiAY-bYX2QlWotXG2pxJrIhnrC7O1PCDhTR0C9ghEyWy7kMfmq2pvEPcinVf_8o_Zv7krf/pubhtml?gid=1451526726&amp;single=true&amp;widget=true&amp;headers=false""></iframe></div>"
G7,https://docs.google.com/forms/d/e/1FAIpQLSfEnuXgSsItWhKE4F5qd5Qd30vUipU5THB7mcIfofNchBghRA/viewform,https://docs.google.com/spreadsheets/d/171ShMUUmBoBD2Vh8NXxqNtWfelbTg_Jmptc7VtC4O8o,6,s55/g7,TRUE,TRUE,"<iframe src=""https://docs.google.com/spreadsheets/d/e/2PACX-1vQ_q6HhMOt7JsBS2IKkI_DxWfFqn8uMffMQ6wbS21fyvKV4BlrtwDdlaJwud2Z5EGQOZsXOBgt5TFH8/pubhtml?gid=1451526726&amp;single=true&amp;widget=true&amp;headers=false""></iframe>",https://docs.google.com/spreadsheets/d/e/2PACX-1vQ_q6HhMOt7JsBS2IKkI_DxWfFqn8uMffMQ6wbS21fyvKV4BlrtwDdlaJwud2Z5EGQOZsXOBgt5TFH8/pubhtml,TRUE,"<div id=""G7"" class=""current-standings filterDiv divG""><iframe src=""https://docs.google.com/spreadsheets/d/e/2PACX-1vQ_q6HhMOt7JsBS2IKkI_DxWfFqn8uMffMQ6wbS21fyvKV4BlrtwDdlaJwud2Z5EGQOZsXOBgt5TFH8/pubhtml?gid=1451526726&amp;single=true&amp;widget=true&amp;headers=false""></iframe></div>"
G8,https://docs.google.com/forms/d/e/1FAIpQLSfajPYFbsoMAMWTne571XU3oYk5YhwGtI7RxINKqSTLfJ0ZIA/viewform,https://docs.google.com/spreadsheets/d/1eSZadd8zouT75AQYQ4npV8bQiU2vjFG9ikyzzAmLGvI,6,s55/g8,TRUE,TRUE,"<iframe src=""https://docs.google.com/spreadsheets/d/e/2PACX-1vRQFe68ZodU0lACITpm-IcROqNynMDrcwNNG6KyEAbuFS5cFcaT6Yu0E64Ksi0dcS-B4_dvSh3aLCR7/pubhtml?gid=1451526726&amp;single=true&amp;widget=true&amp;headers=false""></iframe>",https://docs.google.com/spreadsheets/d/e/2PACX-1vRQFe68ZodU0lACITpm-IcROqNynMDrcwNNG6KyEAbuFS5cFcaT6Yu0E64Ksi0dcS-B4_dvSh3aLCR7/pubhtml,TRUE,"<div id=""G8"" class=""current-standings filterDiv divG""><iframe src=""https://docs.google.com/spreadsheets/d/e/2PACX-1vRQFe68ZodU0lACITpm-IcROqNynMDrcwNNG6KyEAbuFS5cFcaT6Yu0E64Ksi0dcS-B4_dvSh3aLCR7/pubhtml?gid=1451526726&amp;single=true&amp;widget=true&amp;headers=false""></iframe></div>"
G9,https://docs.google.com/forms/d/e/1FAIpQLSfBQjLjMkXv4d5FupHvUuAw6-O5Zi7ArFRyNENjQ0051HyVpw/viewform,https://docs.google.com/spreadsheets/d/1oC2yzx05VBvNebbOHeQn_ILH9C2Jkl8aAnHmrSaDb1k,6,s55/g9,TRUE,TRUE,"<iframe src=""https://docs.google.com/spreadsheets/d/e/2PACX-1vTYEmPS28GijRexBWwjGexfVYknSLbcwIDRKIxFcV2sxT8WgE2EZfVg9lO6NiRdHsTfCH9xoy1NL7E4/pubhtml?gid=1451526726&amp;single=true&amp;widget=true&amp;headers=false""></iframe>",https://docs.google.com/spreadsheets/d/e/2PACX-1vTYEmPS28GijRexBWwjGexfVYknSLbcwIDRKIxFcV2sxT8WgE2EZfVg9lO6NiRdHsTfCH9xoy1NL7E4/pubhtml,TRUE,"<div id=""G9"" class=""current-standings filterDiv divG""><iframe src=""https://docs.google.com/spreadsheets/d/e/2PACX-1vTYEmPS28GijRexBWwjGexfVYknSLbcwIDRKIxFcV2sxT8WgE2EZfVg9lO6NiRdHsTfCH9xoy1NL7E4/pubhtml?gid=1451526726&amp;single=true&amp;widget=true&amp;headers=false""></iframe></div>"
G10,https://docs.google.com/forms/d/e/1FAIpQLScvM52e9uAVSbNjbr_53gBO0nXx2v77ducDNt1BQ65sg7e1xg/viewform,https://docs.google.com/spreadsheets/d/1VMGDt7EYK0a1vOJeGDR4KRZpYF25HsxJF_u3PZUXOLw,6,s55/g10,TRUE,TRUE,"<iframe src=""https://docs.google.com/spreadsheets/d/e/2PACX-1vTO4P2sVpGqewkWE0nUP_ii0BqFxTzfQc0ZlzWl6oT132TIuRpmSu-JVM0BaSnz_6PAd9h5CdwixVqf/pubhtml?gid=1451526726&amp;single=true&amp;widget=true&amp;headers=false""></iframe>",https://docs.google.com/spreadsheets/d/e/2PACX-1vTO4P2sVpGqewkWE0nUP_ii0BqFxTzfQc0ZlzWl6oT132TIuRpmSu-JVM0BaSnz_6PAd9h5CdwixVqf/pubhtml,TRUE,"<div id=""G10"" class=""current-standings filterDiv divG""><iframe src=""https://docs.google.com/spreadsheets/d/e/2PACX-1vTO4P2sVpGqewkWE0nUP_ii0BqFxTzfQc0ZlzWl6oT132TIuRpmSu-JVM0BaSnz_6PAd9h5CdwixVqf/pubhtml?gid=1451526726&amp;single=true&amp;widget=true&amp;headers=false""></iframe></div>"
G11,https://docs.google.com/forms/d/e/1FAIpQLSduWpGgnHgpZD8mzZSdwz_m1EQtjD2cAWlNOg6jTZRI8fnXfg/viewform,https://docs.google.com/spreadsheets/d/1AsAh3zOcY2eD392-9k6YCPeDJS7tLYI9xjxtzy6mYpA,6,s55/g11,TRUE,TRUE,"<iframe src=""https://docs.google.com/spreadsheets/d/e/2PACX-1vQCpqB-FpIZ9S5YlhDAvGwXKIXtL2iMCLcSoYXjapGOER15QiawijiW6qoybZQh7i0lHY6-HHc6MnDj/pubhtml?gid=1451526726&amp;single=true&amp;widget=true&amp;headers=false""></iframe>",https://docs.google.com/spreadsheets/d/e/2PACX-1vQCpqB-FpIZ9S5YlhDAvGwXKIXtL2iMCLcSoYXjapGOER15QiawijiW6qoybZQh7i0lHY6-HHc6MnDj/pubhtml,TRUE,"<div id=""G11"" class=""current-standings filterDiv divG""><iframe src=""https://docs.google.com/spreadsheets/d/e/2PACX-1vQCpqB-FpIZ9S5YlhDAvGwXKIXtL2iMCLcSoYXjapGOER15QiawijiW6qoybZQh7i0lHY6-HHc6MnDj/pubhtml?gid=1451526726&amp;single=true&amp;widget=true&amp;headers=false""></iframe></div>"
G12,https://docs.google.com/forms/d/e/1FAIpQLSc9QnC6hE-V9fgerMTXMRmNhzEDLeOqJRgQNGE8VxuMSeFlCA/viewform,https://docs.google.com/spreadsheets/d/1RuYGvAQqX8JOrXCiB8yDkt7acyop9GH-iANHc1i6JhQ,6,s55/g12,TRUE,TRUE,"<iframe src=""https://docs.google.com/spreadsheets/d/e/2PACX-1vRAeoCpvVkGvZX_jQ7ziX002hCZs1YWM19bxtS0sUT_60KfVg-WbaB1YY3LBEvi-tkuOiCFfgomwIwa/pubhtml?gid=1451526726&amp;single=true&amp;widget=true&amp;headers=false""></iframe>",https://docs.google.com/spreadsheets/d/e/2PACX-1vRAeoCpvVkGvZX_jQ7ziX002hCZs1YWM19bxtS0sUT_60KfVg-WbaB1YY3LBEvi-tkuOiCFfgomwIwa/pubhtml,TRUE,"<div id=""G12"" class=""current-standings filterDiv divG""><iframe src=""https://docs.google.com/spreadsheets/d/e/2PACX-1vRAeoCpvVkGvZX_jQ7ziX002hCZs1YWM19bxtS0sUT_60KfVg-WbaB1YY3LBEvi-tkuOiCFfgomwIwa/pubhtml?gid=1451526726&amp;single=true&amp;widget=true&amp;headers=false""></iframe></div>"
G13,https://docs.google.com/forms/d/e/1FAIpQLSesvBDxxJ4X1vdhC3bPjmoLXFa18A08M8IxDaX0W4Dr6cwc3w/viewform,https://docs.google.com/spreadsheets/d/1n0snBA8HFwwJxcyKATvwhFRj7J4DpzoIgkC8jtkRcn4,6,s55/g13,TRUE,TRUE,"<iframe src=""https://docs.google.com/spreadsheets/d/e/2PACX-1vQo9NrEb7-A7K0XxrDu-bZz3NJMKFy26c_0h703u_0S6Z2rG9dH2tYb5NrKAkeESHF1jm7smlAK1CCg/pubhtml?gid=1451526726&amp;single=true&amp;widget=true&amp;headers=false""></iframe>",https://docs.google.com/spreadsheets/d/e/2PACX-1vQo9NrEb7-A7K0XxrDu-bZz3NJMKFy26c_0h703u_0S6Z2rG9dH2tYb5NrKAkeESHF1jm7smlAK1CCg/pubhtml,TRUE,"<div id=""G13"" class=""current-standings filterDiv divG""><iframe src=""https://docs.google.com/spreadsheets/d/e/2PACX-1vQo9NrEb7-A7K0XxrDu-bZz3NJMKFy26c_0h703u_0S6Z2rG9dH2tYb5NrKAkeESHF1jm7smlAK1CCg/pubhtml?gid=1451526726&amp;single=true&amp;widget=true&amp;headers=false""></iframe></div>"
G14,https://docs.google.com/forms/d/e/1FAIpQLSe9-Gu_mfu7yJO69Ubi4hLf0JPwWI85SI6l4OkPTuttSZF2YA/viewform,https://docs.google.com/spreadsheets/d/1O7TAzIRYX6_pd3aWyWQ62T29MOsWSC0z972KZx1EU5o,6,s55/g14,TRUE,TRUE,"<iframe src=""https://docs.google.com/spreadsheets/d/e/2PACX-1vRvARnqH-IleUkby6vECMtJ6JO_emWnZ6yj7rXmc_ppoeNcCWuRfwNnI6SBTLieUIimjudDpAt5F_ux/pubhtml?gid=1451526726&amp;single=true&amp;widget=true&amp;headers=false""></iframe>",https://docs.google.com/spreadsheets/d/e/2PACX-1vRvARnqH-IleUkby6vECMtJ6JO_emWnZ6yj7rXmc_ppoeNcCWuRfwNnI6SBTLieUIimjudDpAt5F_ux/pubhtml,TRUE,"<div id=""G14"" class=""current-standings filterDiv divG""><iframe src=""https://docs.google.com/spreadsheets/d/e/2PACX-1vRvARnqH-IleUkby6vECMtJ6JO_emWnZ6yj7rXmc_ppoeNcCWuRfwNnI6SBTLieUIimjudDpAt5F_ux/pubhtml?gid=1451526726&amp;single=true&amp;widget=true&amp;headers=false""></iframe></div>"
H1,https://docs.google.com/forms/d/e/1FAIpQLSefk1DdOnZDf3RhTLgINiLP4q24k0uYRfEwpftp-wGrg5uDhg/viewform,https://docs.google.com/spreadsheets/d/1TNLiAAo_Oxu3DDwdI2OSP0VXq-IRDu7dens_f8U8WpY,6,s55/h1,TRUE,TRUE,"<iframe src=""https://docs.google.com/spreadsheets/d/e/2PACX-1vTA1R8KcH7VjOxPCOg-uq-Ctn_bKcbcwumepDBCMBKCEdhishRDzpFZZNCAT8JTmfgm_Nul1R8hYnob/pubhtml?gid=1451526726&amp;single=true&amp;widget=true&amp;headers=false""></iframe>",https://docs.google.com/spreadsheets/d/e/2PACX-1vTA1R8KcH7VjOxPCOg-uq-Ctn_bKcbcwumepDBCMBKCEdhishRDzpFZZNCAT8JTmfgm_Nul1R8hYnob/pubhtml,TRUE,"<div id=""H1"" class=""current-standings filterDiv divH""><iframe src=""https://docs.google.com/spreadsheets/d/e/2PACX-1vTA1R8KcH7VjOxPCOg-uq-Ctn_bKcbcwumepDBCMBKCEdhishRDzpFZZNCAT8JTmfgm_Nul1R8hYnob/pubhtml?gid=1451526726&amp;single=true&amp;widget=true&amp;headers=false""></iframe></div>"
H2,https://docs.google.com/forms/d/e/1FAIpQLSdBYqpbMPVPYWzDzRELnQZXJAQsGBOq40AZ9PK0zOHF8VPIuA/viewform,https://docs.google.com/spreadsheets/d/12mZ4SQzZb3CWmUGK3yHWhDrjrZgYTfP84bIQqGVuu5s,6,s55/h2,TRUE,TRUE,"<iframe src=""https://docs.google.com/spreadsheets/d/e/2PACX-1vSbGs5hOe2UdHmMokonJdXyIp9G3Ne-lEHnI4vmqii2gkJecoar-HqsFyKCkuSlTVYvrH__686xQvUa/pubhtml?gid=1451526726&amp;single=true&amp;widget=true&amp;headers=false""></iframe>",https://docs.google.com/spreadsheets/d/e/2PACX-1vSbGs5hOe2UdHmMokonJdXyIp9G3Ne-lEHnI4vmqii2gkJecoar-HqsFyKCkuSlTVYvrH__686xQvUa/pubhtml,TRUE,"<div id=""H2"" class=""current-standings filterDiv divH""><iframe src=""https://docs.google.com/spreadsheets/d/e/2PACX-1vSbGs5hOe2UdHmMokonJdXyIp9G3Ne-lEHnI4vmqii2gkJecoar-HqsFyKCkuSlTVYvrH__686xQvUa/pubhtml?gid=1451526726&amp;single=true&amp;widget=true&amp;headers=false""></iframe></div>"
H3,https://docs.google.com/forms/d/e/1FAIpQLSc4l-ss7RHH7mcJAQWjSbjUW9KDDnHT-UcetTzyxvWlZrlxvw/viewform,https://docs.google.com/spreadsheets/d/1LcYuDknbMj2du0_s6fDAOsCZfJKZ2_F_La6AWW7lL_8,6,s55/h3,TRUE,TRUE,"<iframe src=""https://docs.google.com/spreadsheets/d/e/2PACX-1vRdTzp1PIvSRSX2htfz9b-J2__sG2oaHNuE9nw3yhc19IiPagr9rKBJYtDCQAjR9ENIez2tT-S7RQ7R/pubhtml?gid=1451526726&amp;single=true&amp;widget=true&amp;headers=false""></iframe>",https://docs.google.com/spreadsheets/d/e/2PACX-1vRdTzp1PIvSRSX2htfz9b-J2__sG2oaHNuE9nw3yhc19IiPagr9rKBJYtDCQAjR9ENIez2tT-S7RQ7R/pubhtml,TRUE,"<div id=""H3"" class=""current-standings filterDiv divH""><iframe src=""https://docs.google.com/spreadsheets/d/e/2PACX-1vRdTzp1PIvSRSX2htfz9b-J2__sG2oaHNuE9nw3yhc19IiPagr9rKBJYtDCQAjR9ENIez2tT-S7RQ7R/pubhtml?gid=1451526726&amp;single=true&amp;widget=true&amp;headers=false""></iframe></div>"
H4,https://docs.google.com/forms/d/e/1FAIpQLSdd7ySRKAjsv-azFixe3yWBvwwzB7k1aRqU_zS_XO1RuwmvXw/viewform,https://docs.google.com/spreadsheets/d/10VrtCX5B4OKmsVtbJ2NRxZ8Q3pwNldcwsmU_9UuTVc8,6,s55/h4,TRUE,TRUE,"<iframe src=""https://docs.google.com/spreadsheets/d/e/2PACX-1vTTyfo83h1EEYaAYZ0mgwu87hb-59SP--Qw5iwcRildrjp-SARRvpol1wiL5WzJsXuQzNSW_ygbQDxE/pubhtml?gid=1451526726&amp;single=true&amp;widget=true&amp;headers=false""></iframe>",https://docs.google.com/spreadsheets/d/e/2PACX-1vTTyfo83h1EEYaAYZ0mgwu87hb-59SP--Qw5iwcRildrjp-SARRvpol1wiL5WzJsXuQzNSW_ygbQDxE/pubhtml,TRUE,"<div id=""H4"" class=""current-standings filterDiv divH""><iframe src=""https://docs.google.com/spreadsheets/d/e/2PACX-1vTTyfo83h1EEYaAYZ0mgwu87hb-59SP--Qw5iwcRildrjp-SARRvpol1wiL5WzJsXuQzNSW_ygbQDxE/pubhtml?gid=1451526726&amp;single=true&amp;widget=true&amp;headers=false""></iframe></div>"
H5,https://docs.google.com/forms/d/e/1FAIpQLSd_ZKjBLxlixeCrilTwyxYbbbpwebLE_RK65esN965sokl7KQ/viewform,https://docs.google.com/spreadsheets/d/1-yItVCqfosGnxoWNUBDXwzMF4YgfZWLA3w33kpWoG04,6,s55/h5,TRUE,TRUE,"<iframe src=""https://docs.google.com/spreadsheets/d/e/2PACX-1vS2REBSvgU-yDIHJRjwXb-pnx-lQhR5cXvUho5ce3XtXKjyeLwD-p6BL6gGsOjwfLpCeq9IoVrwnpHO/pubhtml?gid=1451526726&amp;single=true&amp;widget=true&amp;headers=false""></iframe>",https://docs.google.com/spreadsheets/d/e/2PACX-1vS2REBSvgU-yDIHJRjwXb-pnx-lQhR5cXvUho5ce3XtXKjyeLwD-p6BL6gGsOjwfLpCeq9IoVrwnpHO/pubhtml,TRUE,"<div id=""H5"" class=""current-standings filterDiv divH""><iframe src=""https://docs.google.com/spreadsheets/d/e/2PACX-1vS2REBSvgU-yDIHJRjwXb-pnx-lQhR5cXvUho5ce3XtXKjyeLwD-p6BL6gGsOjwfLpCeq9IoVrwnpHO/pubhtml?gid=1451526726&amp;single=true&amp;widget=true&amp;headers=false""></iframe></div>"
H6,https://docs.google.com/forms/d/e/1FAIpQLScy5K1Soh4YubNxgLXISKphsB___PxHdFB4HRRT7ZcAuK24qQ/viewform,https://docs.google.com/spreadsheets/d/1pKjdf0y3ewrFLXLCbbv0Er3nNNixan_95sLD2qCU9Z8,6,s55/h6,TRUE,TRUE,"<iframe src=""https://docs.google.com/spreadsheets/d/e/2PACX-1vR5xpailFvXHBc1JMrKxYIXyfvBQa9021FuxdDoNfRUDsoDODOlSzOZu2k6Ghl5ZP0NtU3qiuOLeLPx/pubhtml?gid=1451526726&amp;single=true&amp;widget=true&amp;headers=false""></iframe>",https://docs.google.com/spreadsheets/d/e/2PACX-1vR5xpailFvXHBc1JMrKxYIXyfvBQa9021FuxdDoNfRUDsoDODOlSzOZu2k6Ghl5ZP0NtU3qiuOLeLPx/pubhtml,TRUE,"<div id=""H6"" class=""current-standings filterDiv divH""><iframe src=""https://docs.google.com/spreadsheets/d/e/2PACX-1vR5xpailFvXHBc1JMrKxYIXyfvBQa9021FuxdDoNfRUDsoDODOlSzOZu2k6Ghl5ZP0NtU3qiuOLeLPx/pubhtml?gid=1451526726&amp;single=true&amp;widget=true&amp;headers=false""></iframe></div>"
H7,https://docs.google.com/forms/d/e/1FAIpQLScZGP_9pZpA04TPR47Mcy0xFdxiOZJJYtBZvNSdRPMIeRArdQ/viewform,https://docs.google.com/spreadsheets/d/1PTIOJpuchHBcfB7A1SaFR3NXoiIy2nFcf5hyNHFFpi8,6,s55/h7,TRUE,TRUE,"<iframe src=""https://docs.google.com/spreadsheets/d/e/2PACX-1vSeG8V-7B_4NUqVkeWv2lScgkzU31Bnri7ZFs6hz4I7biJeOtjT4VPsd3WOqV62W6whafvnpsQ4__a9/pubhtml?gid=1451526726&amp;single=true&amp;widget=true&amp;headers=false""></iframe>",https://docs.google.com/spreadsheets/d/e/2PACX-1vSeG8V-7B_4NUqVkeWv2lScgkzU31Bnri7ZFs6hz4I7biJeOtjT4VPsd3WOqV62W6whafvnpsQ4__a9/pubhtml,TRUE,"<div id=""H7"" class=""current-standings filterDiv divH""><iframe src=""https://docs.google.com/spreadsheets/d/e/2PACX-1vSeG8V-7B_4NUqVkeWv2lScgkzU31Bnri7ZFs6hz4I7biJeOtjT4VPsd3WOqV62W6whafvnpsQ4__a9/pubhtml?gid=1451526726&amp;single=true&amp;widget=true&amp;headers=false""></iframe></div>"
H8,https://docs.google.com/forms/d/e/1FAIpQLSdTl4YcWy2F8orOzU1OeRSGU85eJxDHSmlIEA5zjcZZ-t5xhQ/viewform,https://docs.google.com/spreadsheets/d/1VCr2DDUBSqjtrS2ImqT7qbAlcMlgFrzT3k1zBDDruoc,6,s55/h8,TRUE,TRUE,"<iframe src=""https://docs.google.com/spreadsheets/d/e/2PACX-1vSYA4sVlJVnQWld_rU8UrPp1ohWVRpiuc7GMgLfNxspZu7spFvIjop5MriQn1vxThNv9tG32ojGKEd0/pubhtml?gid=1451526726&amp;single=true&amp;widget=true&amp;headers=false""></iframe>",https://docs.google.com/spreadsheets/d/e/2PACX-1vSYA4sVlJVnQWld_rU8UrPp1ohWVRpiuc7GMgLfNxspZu7spFvIjop5MriQn1vxThNv9tG32ojGKEd0/pubhtml,TRUE,"<div id=""H8"" class=""current-standings filterDiv divH""><iframe src=""https://docs.google.com/spreadsheets/d/e/2PACX-1vSYA4sVlJVnQWld_rU8UrPp1ohWVRpiuc7GMgLfNxspZu7spFvIjop5MriQn1vxThNv9tG32ojGKEd0/pubhtml?gid=1451526726&amp;single=true&amp;widget=true&amp;headers=false""></iframe></div>"
H9,https://docs.google.com/forms/d/e/1FAIpQLSehY8Eem3QiQxU3pvIMtrP4-qxLno662QZ3gK0FQUjRf7WZ4g/viewform,https://docs.google.com/spreadsheets/d/13Gi38WWF-M31s8LgBs66RYiZREodY1XHtzzUUDwDKUY,6,s55/h9,TRUE,TRUE,"<iframe src=""https://docs.google.com/spreadsheets/d/e/2PACX-1vTYrTZUjYUbA61Oijtp_m-kgBgXqrXqFnS1kq4w6xqlS5VzGcZpb9bml8ppW7iuHrKt4wNjgXdWwYgs/pubhtml?gid=1451526726&amp;single=true&amp;widget=true&amp;headers=false""></iframe>",https://docs.google.com/spreadsheets/d/e/2PACX-1vTYrTZUjYUbA61Oijtp_m-kgBgXqrXqFnS1kq4w6xqlS5VzGcZpb9bml8ppW7iuHrKt4wNjgXdWwYgs/pubhtml,TRUE,"<div id=""H9"" class=""current-standings filterDiv divH""><iframe src=""https://docs.google.com/spreadsheets/d/e/2PACX-1vTYrTZUjYUbA61Oijtp_m-kgBgXqrXqFnS1kq4w6xqlS5VzGcZpb9bml8ppW7iuHrKt4wNjgXdWwYgs/pubhtml?gid=1451526726&amp;single=true&amp;widget=true&amp;headers=false""></iframe></div>"
H10,https://docs.google.com/forms/d/e/1FAIpQLSefRRiEqLI00P4E2jFR3JmdnR6nkFiuwsjCK0hZzzDlA9s8TA/viewform,https://docs.google.com/spreadsheets/d/1Jng5JtwelkiM5coiYlLj6h239fSEaFMNimTUlK-gXEU,6,s55/h10,TRUE,TRUE,"<iframe src=""https://docs.google.com/spreadsheets/d/e/2PACX-1vTz2222zJsZpJRK8quAF6uJOAAY9XnankjxCLZC1PkPQh44M4xqnWhGuOHyyZnVVRYGXZxdbGmYXvi2/pubhtml?gid=1451526726&amp;single=true&amp;widget=true&amp;headers=false""></iframe>",https://docs.google.com/spreadsheets/d/e/2PACX-1vTz2222zJsZpJRK8quAF6uJOAAY9XnankjxCLZC1PkPQh44M4xqnWhGuOHyyZnVVRYGXZxdbGmYXvi2/pubhtml,TRUE,"<div id=""H10"" class=""current-standings filterDiv divH""><iframe src=""https://docs.google.com/spreadsheets/d/e/2PACX-1vTz2222zJsZpJRK8quAF6uJOAAY9XnankjxCLZC1PkPQh44M4xqnWhGuOHyyZnVVRYGXZxdbGmYXvi2/pubhtml?gid=1451526726&amp;single=true&amp;widget=true&amp;headers=false""></iframe></div>"
H11,https://docs.google.com/forms/d/e/1FAIpQLSdYj8YOWM6w0Dm96pGIOMnfHQArm1xA8odxFv-fZkrCktpXvw/viewform,https://docs.google.com/spreadsheets/d/1F-wck5X6Sjsctw_has-fGcGdNnnFBPqWoorim6xbDPA,6,s55/h11,TRUE,TRUE,"<iframe src=""https://docs.google.com/spreadsheets/d/e/2PACX-1vRWBcqDZn9kVBdd8PeMyqv0gLZXCnHaVJRcoEF1ym_UkbfrurQF_lqdIND0lVrUBKoJ4JwJc6twuk3H/pubhtml?gid=1451526726&amp;single=true&amp;widget=true&amp;headers=false""></iframe>",https://docs.google.com/spreadsheets/d/e/2PACX-1vRWBcqDZn9kVBdd8PeMyqv0gLZXCnHaVJRcoEF1ym_UkbfrurQF_lqdIND0lVrUBKoJ4JwJc6twuk3H/pubhtml,TRUE,"<div id=""H11"" class=""current-standings filterDiv divH""><iframe src=""https://docs.google.com/spreadsheets/d/e/2PACX-1vRWBcqDZn9kVBdd8PeMyqv0gLZXCnHaVJRcoEF1ym_UkbfrurQF_lqdIND0lVrUBKoJ4JwJc6twuk3H/pubhtml?gid=1451526726&amp;single=true&amp;widget=true&amp;headers=false""></iframe></div>"
H12,https://docs.google.com/forms/d/e/1FAIpQLScdNjbxDy0M-QGlY6YJyIfLE3NctNxaLYWU7pjziP_Hv8qoCg/viewform,https://docs.google.com/spreadsheets/d/1PbOJVjF5uqrJMOj4X-HapqPR_CWG0Cq4OLvuYYdWhFM,6,s55/h12,TRUE,TRUE,"<iframe src=""https://docs.google.com/spreadsheets/d/e/2PACX-1vShRYEDIffR7zKHM2NcduV3tsxwJ2DGaP5qBuyZdeVjHiBAaj_9saCdkhAbEujJOj4WHtl8K6BU_KoM/pubhtml?gid=1451526726&amp;single=true&amp;widget=true&amp;headers=false""></iframe>",https://docs.google.com/spreadsheets/d/e/2PACX-1vShRYEDIffR7zKHM2NcduV3tsxwJ2DGaP5qBuyZdeVjHiBAaj_9saCdkhAbEujJOj4WHtl8K6BU_KoM/pubhtml,TRUE,"<div id=""H12"" class=""current-standings filterDiv divH""><iframe src=""https://docs.google.com/spreadsheets/d/e/2PACX-1vShRYEDIffR7zKHM2NcduV3tsxwJ2DGaP5qBuyZdeVjHiBAaj_9saCdkhAbEujJOj4WHtl8K6BU_KoM/pubhtml?gid=1451526726&amp;single=true&amp;widget=true&amp;headers=false""></iframe></div>"
H13,https://docs.google.com/forms/d/e/1FAIpQLSexU4onQs5Eb9VOnHB4me2kCJWTumVUZsC1Bi30Ge78c_HnPw/viewform,https://docs.google.com/spreadsheets/d/1e4j-MyoMz4d2GU8wLOPSrcF08A637xhaKOzJDwyHrCQ,6,s55/h13,TRUE,TRUE,"<iframe src=""https://docs.google.com/spreadsheets/d/e/2PACX-1vTWyivALDhXL4IFj-WCtejCt9LZrvTufW471DlD9_4pxiKx-vDw99mZCyl5CXK-bwtPb5cGEfkHP2y9/pubhtml?gid=1451526726&amp;single=true&amp;widget=true&amp;headers=false""></iframe>",https://docs.google.com/spreadsheets/d/e/2PACX-1vTWyivALDhXL4IFj-WCtejCt9LZrvTufW471DlD9_4pxiKx-vDw99mZCyl5CXK-bwtPb5cGEfkHP2y9/pubhtml,TRUE,"<div id=""H13"" class=""current-standings filterDiv divH""><iframe src=""https://docs.google.com/spreadsheets/d/e/2PACX-1vTWyivALDhXL4IFj-WCtejCt9LZrvTufW471DlD9_4pxiKx-vDw99mZCyl5CXK-bwtPb5cGEfkHP2y9/pubhtml?gid=1451526726&amp;single=true&amp;widget=true&amp;headers=false""></iframe></div>"
H14,https://docs.google.com/forms/d/e/1FAIpQLSeoedB_Qdtkt9gBlmpQa4U_itC1AVAmQ7rcG_cCI1eAJryDuQ/viewform,https://docs.google.com/spreadsheets/d/1OS2lZNPihFjihtfsOgF19qHC-WWbExCBOS--wKP85C4,6,s55/h14,TRUE,TRUE,"<iframe src=""https://docs.google.com/spreadsheets/d/e/2PACX-1vQb3BlIiQDY0kJEpd8ZHJD5Cp6HmpNhq890igFsymKsrn3XYmy2AOB9tVsC281fu-H-cDEOos_SLopt/pubhtml?gid=1451526726&amp;single=true&amp;widget=true&amp;headers=false""></iframe>",https://docs.google.com/spreadsheets/d/e/2PACX-1vQb3BlIiQDY0kJEpd8ZHJD5Cp6HmpNhq890igFsymKsrn3XYmy2AOB9tVsC281fu-H-cDEOos_SLopt/pubhtml,TRUE,"<div id=""H14"" class=""current-standings filterDiv divH""><iframe src=""https://docs.google.com/spreadsheets/d/e/2PACX-1vQb3BlIiQDY0kJEpd8ZHJD5Cp6HmpNhq890igFsymKsrn3XYmy2AOB9tVsC281fu-H-cDEOos_SLopt/pubhtml?gid=1451526726&amp;single=true&amp;widget=true&amp;headers=false""></iframe></div>"
H15,https://docs.google.com/forms/d/e/1FAIpQLSccYU1EW8-XwldzQxDjWW68-CT1hJ3Ei_yLbkB820QmhakIQQ/viewform,https://docs.google.com/spreadsheets/d/16xEeuvFFIzH69dZxEwTLiEB4ZP26b_WC-rUyixO8Syo,6,s55/h15,TRUE,TRUE,"<iframe src=""https://docs.google.com/spreadsheets/d/e/2PACX-1vTasl6iOvELx27EF7SNmt7fu4GzSJpQy7dCyjuMhmbQMM1StU7voMFP7UBsQ8SB8AuBeenzZ_jCcRGy/pubhtml?gid=1451526726&amp;single=true&amp;widget=true&amp;headers=false""></iframe>",https://docs.google.com/spreadsheets/d/e/2PACX-1vTasl6iOvELx27EF7SNmt7fu4GzSJpQy7dCyjuMhmbQMM1StU7voMFP7UBsQ8SB8AuBeenzZ_jCcRGy/pubhtml,TRUE,"<div id=""H15"" class=""current-standings filterDiv divH""><iframe src=""https://docs.google.com/spreadsheets/d/e/2PACX-1vTasl6iOvELx27EF7SNmt7fu4GzSJpQy7dCyjuMhmbQMM1StU7voMFP7UBsQ8SB8AuBeenzZ_jCcRGy/pubhtml?gid=1451526726&amp;single=true&amp;widget=true&amp;headers=false""></iframe></div>"
H16,https://docs.google.com/forms/d/e/1FAIpQLSdovzLjb_wJCoObXw9PecbC83lHhiOZVKh363DmzwTG3WjN0w/viewform,https://docs.google.com/spreadsheets/d/1CcIih8QOB57ZpHCwYK_JqoHE7xPBMuPuXxGaBmL_tBs,6,s55/h16,TRUE,TRUE,"<iframe src=""https://docs.google.com/spreadsheets/d/e/2PACX-1vSyUX1zsArm6gRhWJJoBDxEAHo76k-Erx5vFrz95uHk-jiQuEOUBPtpqqyse1GlLFHMF3a5CNWSga5q/pubhtml?gid=1451526726&amp;single=true&amp;widget=true&amp;headers=false""></iframe>",https://docs.google.com/spreadsheets/d/e/2PACX-1vSyUX1zsArm6gRhWJJoBDxEAHo76k-Erx5vFrz95uHk-jiQuEOUBPtpqqyse1GlLFHMF3a5CNWSga5q/pubhtml,TRUE,"<div id=""H16"" class=""current-standings filterDiv divH""><iframe src=""https://docs.google.com/spreadsheets/d/e/2PACX-1vSyUX1zsArm6gRhWJJoBDxEAHo76k-Erx5vFrz95uHk-jiQuEOUBPtpqqyse1GlLFHMF3a5CNWSga5q/pubhtml?gid=1451526726&amp;single=true&amp;widget=true&amp;headers=false""></iframe></div>"
H17,https://docs.google.com/forms/d/e/1FAIpQLSdJjJ9qzMI4mkZNZXnvaWn4N-FBN8jioY9dDauMdZLE63bSlQ/viewform,https://docs.google.com/spreadsheets/d/1XoHPNTLGIeUwpyAdvLcD1eu02OdGbBkHMmIessdTPfE,6,s55/h17,TRUE,TRUE,"<iframe src=""https://docs.google.com/spreadsheets/d/e/2PACX-1vRBT4xiV_NXltbnh7KCf2H_AoD-MFeRvCHm1yoOzr9C_UB-DsfoM1WMCUznNGjmIdhnA9PgwXAmQAAR/pubhtml?gid=1451526726&amp;single=true&amp;widget=true&amp;headers=false""></iframe>",https://docs.google.com/spreadsheets/d/e/2PACX-1vRBT4xiV_NXltbnh7KCf2H_AoD-MFeRvCHm1yoOzr9C_UB-DsfoM1WMCUznNGjmIdhnA9PgwXAmQAAR/pubhtml,TRUE,"<div id=""H17"" class=""current-standings filterDiv divH""><iframe src=""https://docs.google.com/spreadsheets/d/e/2PACX-1vRBT4xiV_NXltbnh7KCf2H_AoD-MFeRvCHm1yoOzr9C_UB-DsfoM1WMCUznNGjmIdhnA9PgwXAmQAAR/pubhtml?gid=1451526726&amp;single=true&amp;widget=true&amp;headers=false""></iframe></div>"
H18,https://docs.google.com/forms/d/e/1FAIpQLScZPTAZIWJ3_gMTeeuqZo6uDCmQ4JD6t4uQ3I5aMrxw102T9g/viewform,https://docs.google.com/spreadsheets/d/1EOg28sWRG36ZSw5XrpbEvPDshF5oZRwD7HxHGv9zRws,6,s55/h18,TRUE,TRUE,"<iframe src=""https://docs.google.com/spreadsheets/d/e/2PACX-1vSk0Zf_dutsG2vwQnYyabEfRh9t9kXaWYhpXNTDjKnsvQrgtZoEURIeyYVEptXeeSRbIoh48gP3FpiX/pubhtml?gid=1451526726&amp;single=true&amp;widget=true&amp;headers=false""></iframe>",https://docs.google.com/spreadsheets/d/e/2PACX-1vSk0Zf_dutsG2vwQnYyabEfRh9t9kXaWYhpXNTDjKnsvQrgtZoEURIeyYVEptXeeSRbIoh48gP3FpiX/pubhtml,TRUE,"<div id=""H18"" class=""current-standings filterDiv divH""><iframe src=""https://docs.google.com/spreadsheets/d/e/2PACX-1vSk0Zf_dutsG2vwQnYyabEfRh9t9kXaWYhpXNTDjKnsvQrgtZoEURIeyYVEptXeeSRbIoh48gP3FpiX/pubhtml?gid=1451526726&amp;single=true&amp;widget=true&amp;headers=false""></iframe></div>"
H19,https://docs.google.com/forms/d/e/1FAIpQLScRG5KtRLazkKsn27XljRZFKXZp0o-9JK6aJHBU5jG-3Hmd_Q/viewform,https://docs.google.com/spreadsheets/d/1Qb6HiTpAue8q-tqGsFY_ZCDEBbtT3D6yq7ugy9VVlIs,6,s55/h19,TRUE,TRUE,"<iframe src=""https://docs.google.com/spreadsheets/d/e/2PACX-1vRKNWDvfA98PSmQic-mDEvEAtL05vzaoB1tyQ-35VB_xzUfVRc1SdQm4OKquXtAHEtiKf9EKGGu536g/pubhtml?gid=1451526726&amp;single=true&amp;widget=true&amp;headers=false""></iframe>",https://docs.google.com/spreadsheets/d/e/2PACX-1vRKNWDvfA98PSmQic-mDEvEAtL05vzaoB1tyQ-35VB_xzUfVRc1SdQm4OKquXtAHEtiKf9EKGGu536g/pubhtml,TRUE,"<div id=""H19"" class=""current-standings filterDiv divH""><iframe src=""https://docs.google.com/spreadsheets/d/e/2PACX-1vRKNWDvfA98PSmQic-mDEvEAtL05vzaoB1tyQ-35VB_xzUfVRc1SdQm4OKquXtAHEtiKf9EKGGu536g/pubhtml?gid=1451526726&amp;single=true&amp;widget=true&amp;headers=false""></iframe></div>"
H20,https://docs.google.com/forms/d/e/1FAIpQLSdDK7ImzIwUK-tp-v3CNmwC0v-FHDoTw_yVpIRpz0IPHsscYA/viewform,https://docs.google.com/spreadsheets/d/1NPFOOp6-UPlAe24hDW8jwKcpplVH0ihZX0YNXOQ6UhA,6,s55/h20,TRUE,TRUE,"<iframe src=""https://docs.google.com/spreadsheets/d/e/2PACX-1vTWBiVMOYjtMiZbbTyiz8qU7vkNKTL8dgbbltLGTgpoc_rHauY1juWU9GayJxipUnwNeyfOCsyaUdqQ/pubhtml?gid=1451526726&amp;single=true&amp;widget=true&amp;headers=false""></iframe>",https://docs.google.com/spreadsheets/d/e/2PACX-1vTWBiVMOYjtMiZbbTyiz8qU7vkNKTL8dgbbltLGTgpoc_rHauY1juWU9GayJxipUnwNeyfOCsyaUdqQ/pubhtml,TRUE,"<div id=""H20"" class=""current-standings filterDiv divH""><iframe src=""https://docs.google.com/spreadsheets/d/e/2PACX-1vTWBiVMOYjtMiZbbTyiz8qU7vkNKTL8dgbbltLGTgpoc_rHauY1juWU9GayJxipUnwNeyfOCsyaUdqQ/pubhtml?gid=1451526726&amp;single=true&amp;widget=true&amp;headers=false""></iframe></div>"
I1,https://docs.google.com/forms/d/e/1FAIpQLSc_hC8Zf67Y8cPeuDGVjD_TcjpPGJ5GekpOI9Z5_BarzinZwA/viewform,https://docs.google.com/spreadsheets/d/1hZVvxwI4Gy7WyhJ5f6s8SQX1wWt9mKkffKY1ZgX_JQs,6,s55/i1,TRUE,TRUE,"<iframe src=""https://docs.google.com/spreadsheets/d/e/2PACX-1vQbtFmG3IyqQurk0-S44J34N2LH8NYBjdQpIURmsHKTQ736bcBORs5cDOw7dQnoRa8OdVnH_wecY79c/pubhtml?gid=1451526726&amp;single=true&amp;widget=true&amp;headers=false""></iframe>",https://docs.google.com/spreadsheets/d/e/2PACX-1vQbtFmG3IyqQurk0-S44J34N2LH8NYBjdQpIURmsHKTQ736bcBORs5cDOw7dQnoRa8OdVnH_wecY79c/pubhtml,TRUE,"<div id=""I1"" class=""current-standings filterDiv divI""><iframe src=""https://docs.google.com/spreadsheets/d/e/2PACX-1vQbtFmG3IyqQurk0-S44J34N2LH8NYBjdQpIURmsHKTQ736bcBORs5cDOw7dQnoRa8OdVnH_wecY79c/pubhtml?gid=1451526726&amp;single=true&amp;widget=true&amp;headers=false""></iframe></div>"
I2,https://docs.google.com/forms/d/e/1FAIpQLSdqa3ArWsvnCWEtty5za30nK3-cKOUKq0ZColowiCU2trKYyQ/viewform,https://docs.google.com/spreadsheets/d/1MWqbsSn9Lvw62xiNS01yB4hzkhdMl_YrWJQ6j75RZ60,6,s55/i2,TRUE,TRUE,"<iframe src=""https://docs.google.com/spreadsheets/d/e/2PACX-1vR5RNYrNXmBR50wVrDjfWBaMKd4v32Sb861DQ3tdh1OgVcoH8BYKbabyiniOCJP1IASRBXRdTNiNTqA/pubhtml?gid=1451526726&amp;single=true&amp;widget=true&amp;headers=false""></iframe>",https://docs.google.com/spreadsheets/d/e/2PACX-1vR5RNYrNXmBR50wVrDjfWBaMKd4v32Sb861DQ3tdh1OgVcoH8BYKbabyiniOCJP1IASRBXRdTNiNTqA/pubhtml,TRUE,"<div id=""I2"" class=""current-standings filterDiv divI""><iframe src=""https://docs.google.com/spreadsheets/d/e/2PACX-1vR5RNYrNXmBR50wVrDjfWBaMKd4v32Sb861DQ3tdh1OgVcoH8BYKbabyiniOCJP1IASRBXRdTNiNTqA/pubhtml?gid=1451526726&amp;single=true&amp;widget=true&amp;headers=false""></iframe></div>"
I3,https://docs.google.com/forms/d/e/1FAIpQLSc1Y2JlizQeml2bUGRSewaZdKcK3L8eJz40TGMv4ROoD4xD0w/viewform,https://docs.google.com/spreadsheets/d/1AL2zKW3dYZ-X4YA5qfQrVCUzL8AoAHW74ynObZsZF3M,6,s55/i3,TRUE,TRUE,"<iframe src=""https://docs.google.com/spreadsheets/d/e/2PACX-1vRUzUk2mTRhQn0NE3wce7nBG6teF01yTAS9S9FRpa14A587KbcfpopqOvu4_bkSPxFFmn2Hx0MAN_Yq/pubhtml?gid=1451526726&amp;single=true&amp;widget=true&amp;headers=false""></iframe>",https://docs.google.com/spreadsheets/d/e/2PACX-1vRUzUk2mTRhQn0NE3wce7nBG6teF01yTAS9S9FRpa14A587KbcfpopqOvu4_bkSPxFFmn2Hx0MAN_Yq/pubhtml,TRUE,"<div id=""I3"" class=""current-standings filterDiv divI""><iframe src=""https://docs.google.com/spreadsheets/d/e/2PACX-1vRUzUk2mTRhQn0NE3wce7nBG6teF01yTAS9S9FRpa14A587KbcfpopqOvu4_bkSPxFFmn2Hx0MAN_Yq/pubhtml?gid=1451526726&amp;single=true&amp;widget=true&amp;headers=false""></iframe></div>"
I4,https://docs.google.com/forms/d/e/1FAIpQLSfyvE83UGv0LHjEMvmVubsXu9mbe0h96Sb9azdn306Ubu0U-Q/viewform,https://docs.google.com/spreadsheets/d/18Jsc7eVKYhKNeY1WnL0UUOTxCxNRgU9hWrT4ExNcHCI,6,s55/i4,TRUE,TRUE,"<iframe src=""https://docs.google.com/spreadsheets/d/e/2PACX-1vSndR6cZj9vQEkAhU5uShKxsu4Oh67VhZRdh0gAHXsnRyqLGbrnI7I3nCPZ6X0R5QDThNX_SIkJcHFl/pubhtml?gid=1451526726&amp;single=true&amp;widget=true&amp;headers=false""></iframe>",https://docs.google.com/spreadsheets/d/e/2PACX-1vSndR6cZj9vQEkAhU5uShKxsu4Oh67VhZRdh0gAHXsnRyqLGbrnI7I3nCPZ6X0R5QDThNX_SIkJcHFl/pubhtml,TRUE,"<div id=""I4"" class=""current-standings filterDiv divI""><iframe src=""https://docs.google.com/spreadsheets/d/e/2PACX-1vSndR6cZj9vQEkAhU5uShKxsu4Oh67VhZRdh0gAHXsnRyqLGbrnI7I3nCPZ6X0R5QDThNX_SIkJcHFl/pubhtml?gid=1451526726&amp;single=true&amp;widget=true&amp;headers=false""></iframe></div>"
I5,https://docs.google.com/forms/d/e/1FAIpQLSdtVHsgfWhnSH0LDYhydID-GkWNZCrJ_zrhGvA2u2gAh33bcA/viewform,https://docs.google.com/spreadsheets/d/1RFcu1i6RYsH1011u4CJgdxfRL1zbaoKsc9AHA5p-aEI,6,s55/i5,TRUE,TRUE,"<iframe src=""https://docs.google.com/spreadsheets/d/e/2PACX-1vTSNbn2Ldf2vUs8T6VuYUfL_-ckOrtWG3-XqhtAysOK_hGK47MA5Ds2KQ0UCNU4Ywc8gTiR2OzqNcug/pubhtml?gid=1451526726&amp;single=true&amp;widget=true&amp;headers=false""></iframe>",https://docs.google.com/spreadsheets/d/e/2PACX-1vTSNbn2Ldf2vUs8T6VuYUfL_-ckOrtWG3-XqhtAysOK_hGK47MA5Ds2KQ0UCNU4Ywc8gTiR2OzqNcug/pubhtml,TRUE,"<div id=""I5"" class=""current-standings filterDiv divI""><iframe src=""https://docs.google.com/spreadsheets/d/e/2PACX-1vTSNbn2Ldf2vUs8T6VuYUfL_-ckOrtWG3-XqhtAysOK_hGK47MA5Ds2KQ0UCNU4Ywc8gTiR2OzqNcug/pubhtml?gid=1451526726&amp;single=true&amp;widget=true&amp;headers=false""></iframe></div>"
I6,https://docs.google.com/forms/d/e/1FAIpQLSeBHQc96aAXhaoHf6ynuuLaShXdS4KqZR_2sj7nkgUwAPI7DA/viewform,https://docs.google.com/spreadsheets/d/1TSt8YY9orjAJ8jO6phiMwUEKtYgYtngdp5Ff9LHUJi0,6,s55/i6,TRUE,TRUE,"<iframe src=""https://docs.google.com/spreadsheets/d/e/2PACX-1vSFGarr3A0McvWZGoxYZCwJn77ODLSbXU12yDqNY7AaN9gXRP2Y-VWB4ej2Rxzt-rmNHE8V1xbh5lSu/pubhtml?gid=1451526726&amp;single=true&amp;widget=true&amp;headers=false""></iframe>",https://docs.google.com/spreadsheets/d/e/2PACX-1vSFGarr3A0McvWZGoxYZCwJn77ODLSbXU12yDqNY7AaN9gXRP2Y-VWB4ej2Rxzt-rmNHE8V1xbh5lSu/pubhtml,TRUE,"<div id=""I6"" class=""current-standings filterDiv divI""><iframe src=""https://docs.google.com/spreadsheets/d/e/2PACX-1vSFGarr3A0McvWZGoxYZCwJn77ODLSbXU12yDqNY7AaN9gXRP2Y-VWB4ej2Rxzt-rmNHE8V1xbh5lSu/pubhtml?gid=1451526726&amp;single=true&amp;widget=true&amp;headers=false""></iframe></div>"
I7,https://docs.google.com/forms/d/e/1FAIpQLSdI_IZ1ERIjvA0VvZyOa6VLMN1N2FMH7uynwxs_AhffDyE9aw/viewform,https://docs.google.com/spreadsheets/d/1WEoiGBfk0K50QW-A7FshteMvqdkj6-e0Pt3dv92mV1k,6,s55/i7,TRUE,TRUE,"<iframe src=""https://docs.google.com/spreadsheets/d/e/2PACX-1vQC1exmMft61dyKaHBl0Tnp59RzcTGHaVd7AEoLL7_G1f-34qWmr_USPUZXGdwQTQtLzRSB54Ve9cYb/pubhtml?gid=1451526726&amp;single=true&amp;widget=true&amp;headers=false""></iframe>",https://docs.google.com/spreadsheets/d/e/2PACX-1vQC1exmMft61dyKaHBl0Tnp59RzcTGHaVd7AEoLL7_G1f-34qWmr_USPUZXGdwQTQtLzRSB54Ve9cYb/pubhtml,TRUE,"<div id=""I7"" class=""current-standings filterDiv divI""><iframe src=""https://docs.google.com/spreadsheets/d/e/2PACX-1vQC1exmMft61dyKaHBl0Tnp59RzcTGHaVd7AEoLL7_G1f-34qWmr_USPUZXGdwQTQtLzRSB54Ve9cYb/pubhtml?gid=1451526726&amp;single=true&amp;widget=true&amp;headers=false""></iframe></div>"
I8,https://docs.google.com/forms/d/e/1FAIpQLScrwb3paO5xwVGNRbMhMOohlN5fy_EKIFEc-JzdjPcHV4Ccjw/viewform,https://docs.google.com/spreadsheets/d/16BEDNL017WyKAeF32aaX7SE_NdC2S_mCTArr3ZAqHYc,6,s55/i8,TRUE,TRUE,"<iframe src=""https://docs.google.com/spreadsheets/d/e/2PACX-1vQid_AA132CjW0-FJnAZR42pljQBoFtCvUkgxY1QQ8xhj6rmRQsOTthR3ve47KXs6rlAgwuuHTumsIa/pubhtml?gid=1451526726&amp;single=true&amp;widget=true&amp;headers=false""></iframe>",https://docs.google.com/spreadsheets/d/e/2PACX-1vQid_AA132CjW0-FJnAZR42pljQBoFtCvUkgxY1QQ8xhj6rmRQsOTthR3ve47KXs6rlAgwuuHTumsIa/pubhtml,TRUE,"<div id=""I8"" class=""current-standings filterDiv divI""><iframe src=""https://docs.google.com/spreadsheets/d/e/2PACX-1vQid_AA132CjW0-FJnAZR42pljQBoFtCvUkgxY1QQ8xhj6rmRQsOTthR3ve47KXs6rlAgwuuHTumsIa/pubhtml?gid=1451526726&amp;single=true&amp;widget=true&amp;headers=false""></iframe></div>"
I9,https://docs.google.com/forms/d/e/1FAIpQLSfACCYDriqY4rBILlbyUN37qz9gX490vXf1_3f7ZQ3qFacaIQ/viewform,https://docs.google.com/spreadsheets/d/1_bAsn05tkzTCk89MI873xZPNOj85x6TX0q3TQBxtxXE,6,s55/i9,TRUE,TRUE,"<iframe src=""https://docs.google.com/spreadsheets/d/e/2PACX-1vRff1_Rwal0PQ_QUmWBGq8bhlWAzUtsX0j4WGBAay5J2V6znVNlqji_Hd145VZ-t9NAvcJVcUpQK-6_/pubhtml?gid=1451526726&amp;single=true&amp;widget=true&amp;headers=false""></iframe>",https://docs.google.com/spreadsheets/d/e/2PACX-1vRff1_Rwal0PQ_QUmWBGq8bhlWAzUtsX0j4WGBAay5J2V6znVNlqji_Hd145VZ-t9NAvcJVcUpQK-6_/pubhtml,TRUE,"<div id=""I9"" class=""current-standings filterDiv divI""><iframe src=""https://docs.google.com/spreadsheets/d/e/2PACX-1vRff1_Rwal0PQ_QUmWBGq8bhlWAzUtsX0j4WGBAay5J2V6znVNlqji_Hd145VZ-t9NAvcJVcUpQK-6_/pubhtml?gid=1451526726&amp;single=true&amp;widget=true&amp;headers=false""></iframe></div>"
I10,https://docs.google.com/forms/d/e/1FAIpQLSfMXW4w6z68_vhaft_ejlc9-0YhAGBRHMdGsC7WKVLs1X74Pw/viewform,https://docs.google.com/spreadsheets/d/1PyXf0_NFb3SNJDyd1JKtIcITicxVfi-8R7Pxc0r6v4I,6,s55/i10,TRUE,TRUE,"<iframe src=""https://docs.google.com/spreadsheets/d/e/2PACX-1vTyxMNxJsRwkd1vVbjWIKR1duXAxeVCZvaP6cz-5Y1ypH0hkqoJr9wBzT4L5cuptWY8JRcwo0TRj4qz/pubhtml?gid=1451526726&amp;single=true&amp;widget=true&amp;headers=false""></iframe>",https://docs.google.com/spreadsheets/d/e/2PACX-1vTyxMNxJsRwkd1vVbjWIKR1duXAxeVCZvaP6cz-5Y1ypH0hkqoJr9wBzT4L5cuptWY8JRcwo0TRj4qz/pubhtml,TRUE,"<div id=""I10"" class=""current-standings filterDiv divI""><iframe src=""https://docs.google.com/spreadsheets/d/e/2PACX-1vTyxMNxJsRwkd1vVbjWIKR1duXAxeVCZvaP6cz-5Y1ypH0hkqoJr9wBzT4L5cuptWY8JRcwo0TRj4qz/pubhtml?gid=1451526726&amp;single=true&amp;widget=true&amp;headers=false""></iframe></div>"
I11,https://docs.google.com/forms/d/e/1FAIpQLSfkpEEtk-8h0o_gn5qfnLNYjHOkG_-341behwPWxQ2hv0yiEA/viewform,https://docs.google.com/spreadsheets/d/1hmFZyyeETD-CP9vO6jFhrGPaCQyIuc4N6TT5SbyM2W8,6,s55/i11,TRUE,TRUE,"<iframe src=""https://docs.google.com/spreadsheets/d/e/2PACX-1vS1XzcKDVYB83fCLTQCnf05rYJXE3zfKV2Ar4sPgmVVYnWMPdsUfzr7QvMT434ScOy-H0UCqryFVYRj/pubhtml?gid=1451526726&amp;single=true&amp;widget=true&amp;headers=false""></iframe>",https://docs.google.com/spreadsheets/d/e/2PACX-1vS1XzcKDVYB83fCLTQCnf05rYJXE3zfKV2Ar4sPgmVVYnWMPdsUfzr7QvMT434ScOy-H0UCqryFVYRj/pubhtml,TRUE,"<div id=""I11"" class=""current-standings filterDiv divI""><iframe src=""https://docs.google.com/spreadsheets/d/e/2PACX-1vS1XzcKDVYB83fCLTQCnf05rYJXE3zfKV2Ar4sPgmVVYnWMPdsUfzr7QvMT434ScOy-H0UCqryFVYRj/pubhtml?gid=1451526726&amp;single=true&amp;widget=true&amp;headers=false""></iframe></div>"
I12,https://docs.google.com/forms/d/e/1FAIpQLSfORH6_gWc7FhSKd6XiTt_idWp5fDo7GaWEPt65FyUX0maX-Q/viewform,https://docs.google.com/spreadsheets/d/1DKf2zK9_cAfwt09qOIhfxEztxIkQTWxyJTOgMG7lwDU,6,s55/i12,TRUE,TRUE,"<iframe src=""https://docs.google.com/spreadsheets/d/e/2PACX-1vRUEMVS8V9cHlxxXjdVppTm00Z1MKnyVbXRhiQSfoU0dvr5-Lt5t6O7dGEL0fYh2Vby7jkuOwErN3At/pubhtml?gid=1451526726&amp;single=true&amp;widget=true&amp;headers=false""></iframe>",https://docs.google.com/spreadsheets/d/e/2PACX-1vRUEMVS8V9cHlxxXjdVppTm00Z1MKnyVbXRhiQSfoU0dvr5-Lt5t6O7dGEL0fYh2Vby7jkuOwErN3At/pubhtml,TRUE,"<div id=""I12"" class=""current-standings filterDiv divI""><iframe src=""https://docs.google.com/spreadsheets/d/e/2PACX-1vRUEMVS8V9cHlxxXjdVppTm00Z1MKnyVbXRhiQSfoU0dvr5-Lt5t6O7dGEL0fYh2Vby7jkuOwErN3At/pubhtml?gid=1451526726&amp;single=true&amp;widget=true&amp;headers=false""></iframe></div>"
I13,https://docs.google.com/forms/d/e/1FAIpQLSdw12JnPsyY8a0t1NQFhGubVx3EBxXk9b6pytqa8KmCoT6QCQ/viewform,https://docs.google.com/spreadsheets/d/1F0HXKXqh55Bqy81ITHUOcEJV2ryC3H4q9KjdJFc2eJs,6,s55/i13,TRUE,TRUE,"<iframe src=""https://docs.google.com/spreadsheets/d/e/2PACX-1vQqa6OYq7oeMkqunCszMhW8SjdDY7n2mlQKhtNQAFWasWr1nnYWeQtQD5E34UQCOlEVZqJCEFYQt64s/pubhtml?gid=1451526726&amp;single=true&amp;widget=true&amp;headers=false""></iframe>",https://docs.google.com/spreadsheets/d/e/2PACX-1vQqa6OYq7oeMkqunCszMhW8SjdDY7n2mlQKhtNQAFWasWr1nnYWeQtQD5E34UQCOlEVZqJCEFYQt64s/pubhtml,TRUE,"<div id=""I13"" class=""current-standings filterDiv divI""><iframe src=""https://docs.google.com/spreadsheets/d/e/2PACX-1vQqa6OYq7oeMkqunCszMhW8SjdDY7n2mlQKhtNQAFWasWr1nnYWeQtQD5E34UQCOlEVZqJCEFYQt64s/pubhtml?gid=1451526726&amp;single=true&amp;widget=true&amp;headers=false""></iframe></div>"
I14,https://docs.google.com/forms/d/e/1FAIpQLSfkv1pdkAGG-TS6D-wT1CvRHlRZgZv0eR6VnwUXWtzoEcPO-A/viewform,https://docs.google.com/spreadsheets/d/16rBn9mcQn5Yv_jgmzblft43hE8V6ktzI28_bX6jdxZA,6,s55/i14,TRUE,TRUE,"<iframe src=""https://docs.google.com/spreadsheets/d/e/2PACX-1vSCJjWVR-UR1VEIwAUFZBIlRdEDtb6eI3-W4FCrDQ9fTvqqQV6DbD5TWaRt4BYIZENYbBwpv7oO_hLq/pubhtml?gid=1451526726&amp;single=true&amp;widget=true&amp;headers=false""></iframe>",https://docs.google.com/spreadsheets/d/e/2PACX-1vSCJjWVR-UR1VEIwAUFZBIlRdEDtb6eI3-W4FCrDQ9fTvqqQV6DbD5TWaRt4BYIZENYbBwpv7oO_hLq/pubhtml,TRUE,"<div id=""I14"" class=""current-standings filterDiv divI""><iframe src=""https://docs.google.com/spreadsheets/d/e/2PACX-1vSCJjWVR-UR1VEIwAUFZBIlRdEDtb6eI3-W4FCrDQ9fTvqqQV6DbD5TWaRt4BYIZENYbBwpv7oO_hLq/pubhtml?gid=1451526726&amp;single=true&amp;widget=true&amp;headers=false""></iframe></div>"
I15,https://docs.google.com/forms/d/e/1FAIpQLSdtQ4f_DMv2ascq6pblR0kkHgEZ40T9f18Q2uqZOQl8CG79yg/viewform,https://docs.google.com/spreadsheets/d/1TwuN-skkzsOpScKSAxui6U0Z9obh9WwiiVkWCdkLUyo,6,s55/i15,TRUE,TRUE,"<iframe src=""https://docs.google.com/spreadsheets/d/e/2PACX-1vRaUcyk0u6Ctqypj4VcNjgtVqLZpbJytpFik8M96s8L0-eEo8qcMlWvs4MRceZmeyyh8UXPG3fQs6gK/pubhtml?gid=1451526726&amp;single=true&amp;widget=true&amp;headers=false""></iframe>",https://docs.google.com/spreadsheets/d/e/2PACX-1vRaUcyk0u6Ctqypj4VcNjgtVqLZpbJytpFik8M96s8L0-eEo8qcMlWvs4MRceZmeyyh8UXPG3fQs6gK/pubhtml,TRUE,"<div id=""I15"" class=""current-standings filterDiv divI""><iframe src=""https://docs.google.com/spreadsheets/d/e/2PACX-1vRaUcyk0u6Ctqypj4VcNjgtVqLZpbJytpFik8M96s8L0-eEo8qcMlWvs4MRceZmeyyh8UXPG3fQs6gK/pubhtml?gid=1451526726&amp;single=true&amp;widget=true&amp;headers=false""></iframe></div>"
I16,https://docs.google.com/forms/d/e/1FAIpQLSf8m-BOWxpF0dCEjf-GoWpSt8y06AMp-Jo6UEf7vZ2zqODjOw/viewform,https://docs.google.com/spreadsheets/d/1uOqJxGdbd_hL5a2otvna5sZK0itNeakE6pAwy2a8jwQ,6,s55/i16,TRUE,TRUE,"<iframe src=""https://docs.google.com/spreadsheets/d/e/2PACX-1vRV_NgG4NJnK7xB8SDro6fTSQ-4nrSh7TYSXrieqCTEfnGnptoWj_Gpo2JanF6qstw8RytMBP_feOt-/pubhtml?gid=1451526726&amp;single=true&amp;widget=true&amp;headers=false""></iframe>",https://docs.google.com/spreadsheets/d/e/2PACX-1vRV_NgG4NJnK7xB8SDro6fTSQ-4nrSh7TYSXrieqCTEfnGnptoWj_Gpo2JanF6qstw8RytMBP_feOt-/pubhtml,TRUE,"<div id=""I16"" class=""current-standings filterDiv divI""><iframe src=""https://docs.google.com/spreadsheets/d/e/2PACX-1vRV_NgG4NJnK7xB8SDro6fTSQ-4nrSh7TYSXrieqCTEfnGnptoWj_Gpo2JanF6qstw8RytMBP_feOt-/pubhtml?gid=1451526726&amp;single=true&amp;widget=true&amp;headers=false""></iframe></div>"
I17,https://docs.google.com/forms/d/e/1FAIpQLSenwsTbmc2LnVLqb16cIdoEFLZla26rpwZL7lh-mqt3LX1rlA/viewform,https://docs.google.com/spreadsheets/d/1i5LnoamcQsMxgPSWg0Dxg5TJ1Z7PFbK292dtgwPn5Yk,6,s55/i17,TRUE,TRUE,"<iframe src=""https://docs.google.com/spreadsheets/d/e/2PACX-1vRnmQv69Uz1YCpQHnKJUzKfRoso9uIV8k8E3PRmjCqWnCvlKAj-voFMhR2OTC8aaK36sose0Lo9F9yc/pubhtml?gid=1451526726&amp;single=true&amp;widget=true&amp;headers=false""></iframe>",https://docs.google.com/spreadsheets/d/e/2PACX-1vRnmQv69Uz1YCpQHnKJUzKfRoso9uIV8k8E3PRmjCqWnCvlKAj-voFMhR2OTC8aaK36sose0Lo9F9yc/pubhtml,TRUE,"<div id=""I17"" class=""current-standings filterDiv divI""><iframe src=""https://docs.google.com/spreadsheets/d/e/2PACX-1vRnmQv69Uz1YCpQHnKJUzKfRoso9uIV8k8E3PRmjCqWnCvlKAj-voFMhR2OTC8aaK36sose0Lo9F9yc/pubhtml?gid=1451526726&amp;single=true&amp;widget=true&amp;headers=false""></iframe></div>"
I18,https://docs.google.com/forms/d/e/1FAIpQLSc8D-CfvFrtEH2HsRs5Dcl0CH1rNYnIIbCu0TEfshHa2j9Pow/viewform,https://docs.google.com/spreadsheets/d/1oHih-1PC9B-aKTZilNzIoXZvw_noj-YbIbwbKcodBa0,6,s55/i18,TRUE,TRUE,"<iframe src=""https://docs.google.com/spreadsheets/d/e/2PACX-1vRa-ehJKGlhGp-Q-1Hyhc7RWJhg1iZuA2wlv2W06k3-6CIZV-a6rwQ_CbrNb4AurEPQg--KlfeW3jO4/pubhtml?gid=1451526726&amp;single=true&amp;widget=true&amp;headers=false""></iframe>",https://docs.google.com/spreadsheets/d/e/2PACX-1vRa-ehJKGlhGp-Q-1Hyhc7RWJhg1iZuA2wlv2W06k3-6CIZV-a6rwQ_CbrNb4AurEPQg--KlfeW3jO4/pubhtml,TRUE,"<div id=""I18"" class=""current-standings filterDiv divI""><iframe src=""https://docs.google.com/spreadsheets/d/e/2PACX-1vRa-ehJKGlhGp-Q-1Hyhc7RWJhg1iZuA2wlv2W06k3-6CIZV-a6rwQ_CbrNb4AurEPQg--KlfeW3jO4/pubhtml?gid=1451526726&amp;single=true&amp;widget=true&amp;headers=false""></iframe></div>"